SALE TYPE,SOLD DATE,PROPERTY TYPE,ADDRESS,CITY,STATE OR PROVINCE,ZIP OR POSTAL CODE,PRICE,BEDS,BATHS,LOCATION,SQUARE FEET,LOT SIZE,YEAR BUILT,DAYS ON MARKET,$/SQUARE FEET,HOA/MONTH,STATUS,NEXT OPEN HOUSE START TIME,NEXT OPEN HOUSE END TIME,URL (SEE https://www.redfin.com/buy-a-home/comparative-market-analysis FOR INFO ON PRICING),SOURCE,MLS#,FAVORITE,INTERESTED,LATITUDE,LONGITUDE
"In accordance with local MLS rules, some MLS listings are not included in the download"
PAST SALE,May-28-2024,Condo/Co-op,12230 Montego Plz,Dallas,TX,75230,539000,3,3.0,Preston Square Twnhms,2035,2701,1974,,265,220,Sold,,,https://www.redfin.com/TX/Dallas/12230-Montego-Plz-75230/home/30962965,NTREIS,20587896,N,Y,32.9198827,-96.8136323
PAST SALE,July-11-2024,Condo/Co-op,10500 Lake June Rd Unit H04,Dallas,TX,75217,95000,2,1.5,Canterbury Crossing Ph 01-08,1082,337154,1984,,88,295,Sold,,,https://www.redfin.com/TX/Dallas/10500-Lake-June-Rd-75217/unit-H04/home/31165617,NTREIS,20652480,N,Y,32.7322192,-96.6439934
PAST SALE,February-16-2024,Condo/Co-op,5626 Preston Oaks Rd Unit 18A,Dallas,TX,75254,248000,2,2.5,Preston Oaks Crossing Condos 01 & 02,1135,229431,1981,,219,405,Sold,,,https://www.redfin.com/TX/Dallas/5626-Preston-Oaks-Rd-75254/unit-18A/home/31130355,NTREIS,20506279,N,Y,32.9428431,-96.8105609
PAST SALE,April-5-2024,Condo/Co-op,4333 Gilbert Ave #104,Dallas,TX,75219,359000,2,2.0,Sullivan On Gilbert Condos,1231,23610,2004,,292,453,Sold,,,https://www.redfin.com/TX/Dallas/4333-Gilbert-Ave-75219/unit-104/home/30765300,NTREIS,20538421,N,Y,32.8198252,-96.8098169
PAST SALE,June-21-2024,Condo/Co-op,3208 Cole Ave #1210,Dallas,TX,75204,375000,2,2.0,Bois Du Chene,1048,61768,1984,,358,470,Sold,,,https://www.redfin.com/TX/Dallas/3208-Cole-Ave-75204/unit-1210/home/31162650,NTREIS,20611308,N,Y,32.8040315,-96.8007307
PAST SALE,January-4-2024,Condo/Co-op,3025 Bryan St Unit 1D,Dallas,TX,75204,285000,2,2.0,Bryan Street Station Condo,1187,50486,2006,,240,451,Sold,,,https://www.redfin.com/TX/Dallas/3025-Bryan-St-75204/unit-1D/home/30745475,NTREIS,20494083,N,Y,32.7920638,-96.7884276
PAST SALE,May-3-2024,Condo/Co-op,5757 E University Blvd Unit 22G,Dallas,TX,75206,265000,2,2.5,University Crossroads 01 & 02,902,249250,1983,,294,420,Sold,,,https://www.redfin.com/TX/Dallas/5757-E-University-Blvd-75206/unit-22G/home/31125690,NTREIS,20568930,N,Y,32.8458389,-96.7686781
PAST SALE,May-14-2024,Condo/Co-op,1200 Main St #2602,Dallas,TX,75202,255000,0,1.0,Metropolitan 1200 Main Street,660,44997,1974,,386,468,Sold,,,https://www.redfin.com/TX/Dallas/1200-Main-St-75202/unit-2602/home/30776386,NTREIS,20569763,N,Y,32.7798782,-96.8014745
PAST SALE,September-5-2024,Condo/Co-op,15745 Seabolt #51,Addison,TX,75001,550000,3,3.5,Townhomes Of District A Ph 01-11,2406,262623,2005,,229,400,Sold,,,https://www.redfin.com/TX/Addison/15745-Seabolt-75001/unit-51/home/30761793,NTREIS,20678790,N,Y,32.9632516,-96.8246401
PAST SALE,May-22-2024,Condo/Co-op,6900 Skillman St #607,Dallas,TX,75231,245000,2,1.5,Skillman Bend Condo,1024,169013,1981,,239,378,Sold,,,https://www.redfin.com/TX/Dallas/6900-Skillman-St-75231/unit-607/home/31066630,NTREIS,20569262,N,Y,32.8713316,-96.7342241
PAST SALE,May-13-2024,Condo/Co-op,5200 Keller Springs Rd #832,Dallas,TX,75248,449999,2,2.0,Bonaventure Condo,1863,331012,1981,,242,1162,Sold,,,https://www.redfin.com/TX/Dallas/5200-Keller-Springs-Rd-75248/unit-832/home/31128770,NTREIS,20560642,N,Y,32.967975,-96.8184893
PAST SALE,January-19-2024,Condo/Co-op,7458 E Northwest Hwy #126,Dallas,TX,75231,349000,3,2.5,White Rock West Condos,1525,197806,1973,,229,387,Sold,,,https://www.redfin.com/TX/Dallas/7458-E-Northwest-Hwy-75231/unit-126/home/30869706,NTREIS,20479458,N,Y,32.8526479,-96.7333619
PAST SALE,August-30-2024,Condo/Co-op,5616 Preston Oaks Rd #1506,Dallas,TX,75254,250000,2,2.0,Oaks On Montfort Ph 01 02 & 04,1115,301958,1982,,224,409,Sold,,,https://www.redfin.com/TX/Dallas/5616-Preston-Oaks-Rd-75254/unit-1506/home/31130555,NTREIS,20658074,N,Y,32.9425883,-96.8129924
PAST SALE,September-3-2024,Condo/Co-op,5609 Smu Blvd #313,Dallas,TX,75206,255000,1,1.0,Shelby Residences,842,28793,2008,,303,384,Sold,,,https://www.redfin.com/TX/Dallas/5609-Smu-Blvd-75206/unit-313/home/110137660,NTREIS,20678842,N,Y,32.8424689,-96.7722421
PAST SALE,March-4-2024,Condo/Co-op,3110 Thomas Ave #923,Dallas,TX,75204,825000,2,2.0,588 Condos,2407,51139,1998,,343,741,Sold,,,https://www.redfin.com/TX/Dallas/3110-Thomas-Ave-75204/unit-923/home/30764739,NTREIS,20480744,N,Y,32.7985251,-96.7946345
PAST SALE,August-1-2024,Condo/Co-op,3030 Bryan St #311,Dallas,TX,75204,450000,1,1.5,Thirty Thirty Bryan Condo,1512,47437,2005,,298,782,Sold,,,https://www.redfin.com/TX/Dallas/3030-Bryan-St-75204/unit-311/home/30776731,NTREIS,20632777,N,Y,32.7918205,-96.7875289
PAST SALE,March-29-2024,Condo/Co-op,15221 Berry Trl #201,Dallas,TX,75248,209998,1,1.5,Preston Bend Village Ph 02,936,220283,1981,,224,325,Sold,,,https://www.redfin.com/TX/Dallas/15221-Berry-Trl-75248/unit-201/home/31129058,NTREIS,20507800,N,Y,32.9555257,-96.8017995
PAST SALE,November-20-2024,Condo/Co-op,4312 Mckinney Ave #16,Dallas,TX,75205,749000,3,3.5,Brighton Lofts South Condo,2969,35022,2002,,252,511,Sold,,,https://www.redfin.com/TX/Dallas/4312-McKinney-Ave-75205/unit-16/home/30729158,NTREIS,20725069,N,Y,32.8182776,-96.789762
PAST SALE,October-11-2024,Condo/Co-op,3883 Turtle Creek Blvd #108,Dallas,TX,75219,279000,2,2.0,Twenty-One Turtle Creek Condo,1014,137606,1963,,275,941,Sold,,,https://www.redfin.com/TX/Dallas/3883-Turtle-Creek-Blvd-75219/unit-108/home/30797167,NTREIS,20694620,N,Y,32.8152689,-96.7993715
PAST SALE,April-11-2024,Condo/Co-op,2326 Stutz Dr #112,Dallas,TX,75235,465000,3,3.5,Plaza At Forest Park Condo,1897,27181,2008,,245,250,Sold,,,https://www.redfin.com/TX/Dallas/2326-Stutz-Dr-75235/unit-112/home/30788769,NTREIS,20528537,N,Y,32.8217033,-96.8393575
PAST SALE,September-25-2024,Condo/Co-op,1200 Main St #2507,Dallas,TX,75202,269000,1,1.0,Metropolitan 1200 Main Street,880,44997,1974,,306,623,Sold,,,https://www.redfin.com/TX/Dallas/1200-Main-St-75202/unit-2507/home/30776395,NTREIS,20563990,N,Y,32.7798782,-96.8014745
PAST SALE,May-30-2024,Condo/Co-op,3616 N San Jacinto Ave #107,Dallas,TX,75204,650000,3,3.5,Pecos Park,1797,,2024,,362,225,Sold,,,https://www.redfin.com/TX/Dallas/3616-N-San-Jacinto-AVE-75204/unit-107/home/190954730,NTREIS,20629649,N,Y,32.799475,-96.7868794
PAST SALE,November-27-2023,Condo/Co-op,4208 Live Oak St #202,Dallas,TX,75204,579900,2,2.5,Peaks Sub,1800,14288,2023,,322,307,Sold,,,https://www.redfin.com/TX/Dallas/4208-Live-Oak-St-75204/unit-202/home/188708988,NTREIS,20483802,N,Y,32.7972278,-96.7785158
PAST SALE,January-5-2024,Condo/Co-op,2610 Kimsey #101,Dallas,TX,75235,520000,2,2.5,MAPLE LAWN TERRACE,1629,7492,2023,,319,300,Sold,,,https://www.redfin.com/TX/Dallas/2610-Kimsey-Dr-75235/unit-101/home/178764267,NTREIS,20349504,N,Y,32.8242344,-96.8376181
PAST SALE,March-7-2024,Condo/Co-op,426 W 9th St #108,Dallas,TX,75208,647120,3,3.5,West 9th Residences,2150,24310,2023,,301,270,Sold,,,https://www.redfin.com/TX/Dallas/426-W-9th-St-75208/unit-108/home/188204597,NTREIS,20551634,N,Y,32.7460938,-96.8295938
PAST SALE,March-28-2024,Condo/Co-op,4206 Buena Vista St Unit B,Dallas,TX,75205,899000,3,3.5,4206 Buena Vista Condos,2550,14723,2007,,353,320,Sold,,,https://www.redfin.com/TX/Dallas/4206-Buena-Vista-St-75205/unit-B/home/30788551,NTREIS,20550467,N,Y,32.8177094,-96.7943783
PAST SALE,March-22-2024,Condo/Co-op,2614 N Carroll Ave #104,Dallas,TX,75204,489900,2,2.5,Belmont Park Rev,1357,7492,2024,,361,200,Sold,,,https://www.redfin.com/TX/Dallas/2614-N-Carroll-Ave-75204/unit-104/home/189792083,NTREIS,20539728,N,Y,32.8099156,-96.7881137
PAST SALE,December-29-2023,Condo/Co-op,2134 Shea Rd #1004,Dallas,TX,75235,525000,3,3.5,Mohawk Heights,1966,7013,2022,,267,215,Sold,,,https://www.redfin.com/TX/Dallas/2134-Shea-Rd-75235/unit-1004/home/188574739,NTREIS,20477118,N,Y,32.8292637,-96.8532547
PAST SALE,June-27-2024,Condo/Co-op,426 W 9th St #101,Dallas,TX,75208,704000,3,3.5,West 9th Residences,2150,24310,2023,,327,270,Sold,,,https://www.redfin.com/TX/Dallas/426-W-9th-St-75208/unit-101/home/190785943,NTREIS,20616964,N,Y,32.7460938,-96.8295938
PAST SALE,April-10-2024,Condo/Co-op,426 W 9th St #103,Dallas,TX,75208,669000,3,3.5,West 9th Residences,2150,24310,2023,,311,270,Sold,,,https://www.redfin.com/TX/Dallas/426-W-9th-St-75208/unit-103/home/187716915,NTREIS,20551518,N,Y,32.7460759,-96.8296355
PAST SALE,July-5-2024,Condo/Co-op,7207 Gaston Ave #601,Dallas,TX,75214,695000,2,2.5,Lakeside,1938,58370,2023,,359,492,Sold,,,https://www.redfin.com/TX/Dallas/7207-Gaston-Ave-75246/unit-601/home/191095786,NTREIS,20641628,N,Y,32.813842,-96.7311474
PAST SALE,March-1-2024,Condo/Co-op,6015 Sandhurst Ln Unit B,Dallas,TX,75206,250000,2,2.0,Sandhurst Manor,1346,179119,1966,,186,529,Sold,,,https://www.redfin.com/TX/Dallas/6015-Sandhurst-Ln-75206/unit-B/home/30868458,NTREIS,20549393,N,Y,32.8448349,-96.7624799
PAST SALE,May-17-2024,Condo/Co-op,3616 N San Jacinto Ave #106,Dallas,TX,75204,599000,2,2.5,Pecos Park,1797,,2024,,333,200,Sold,,,https://www.redfin.com/TX/Dallas/3616-N-San-Jacinto-AVE-75204/unit-106/home/189512572,NTREIS,20620265,N,Y,32.799475,-96.7868794
PAST SALE,January-22-2024,Condo/Co-op,2610 Kimsey #201,Dallas,TX,75235,515000,2,2.5,MAPLE LAWN TERRACE,1629,7492,2022,,316,200,Sold,,,https://www.redfin.com/TX/Dallas/2610-Kimsey-Dr-75235/unit-201/home/178764263,NTREIS,20015749,N,Y,32.8242344,-96.8376181
PAST SALE,October-16-2024,Condo/Co-op,4502 Abbott Ave #213,Highland Park,TX,75205,995000,1,2.0,Mondara Condos,1716,72484,2015,,580,800,Sold,,,https://www.redfin.com/TX/Dallas/4502-Abbott-Ave-75205/unit-213/home/143839615,NTREIS,20753928,N,Y,32.8228513,-96.7933267
PAST SALE,March-8-2024,Condo/Co-op,5833 Birchbrook Dr #108,Dallas,TX,75206,317500,2,2.0,Birchbrook 01 Condo,1349,132553,1968,,235,485,Sold,,,https://www.redfin.com/TX/Dallas/5833-Birchbrook-Dr-75206/unit-108/home/30868375,NTREIS,20557755,N,Y,32.8475693,-96.7663214
PAST SALE,March-4-2024,Condo/Co-op,426 W 9th St #109,Dallas,TX,75208,661870,3,3.5,West 9th Residences,2150,24310,2023,,308,270,Sold,,,https://www.redfin.com/TX/Dallas/426-W-9th-St-75208/unit-109/home/189995037,NTREIS,20551613,N,Y,32.7460938,-96.8295938
PAST SALE,February-23-2024,Condo/Co-op,4208 Live Oak St #104,Dallas,TX,75204,565000,2,2.5,Peaks Sub,1800,14288,2023,,314,307,Sold,,,https://www.redfin.com/TX/Dallas/4208-Live-Oak-St-75204/unit-104/home/189466267,NTREIS,20514527,N,Y,32.7972278,-96.7785158
PAST SALE,March-8-2024,Condo/Co-op,2614 N Carroll Ave #105,Dallas,TX,75204,489900,2,2.5,Belmont Park Rev,1357,7492,2024,,361,200,Sold,,,https://www.redfin.com/TX/Dallas/2614-N-Carroll-Ave-75204/unit-105/home/30809390,NTREIS,20539746,N,Y,32.8099156,-96.7881137
PAST SALE,August-2-2024,Condo/Co-op,1505 Elm St #1602,Dallas,TX,75201,419900,2,2.5,Elm Street Condo 1505,1779,10019,1957,,236,1861,Sold,,,https://www.redfin.com/TX/Dallas/1505-Elm-St-75201/unit-1602/home/30745282,NTREIS,20675064,N,Y,32.7814869,-96.7996966
PAST SALE,May-31-2024,Condo/Co-op,2502 Live Oak St #105,Dallas,TX,75204,299000,1,1.0,Live Oak Lofts Condo,1027,65122,1998,,291,434,Sold,,,https://www.redfin.com/TX/Dallas/2502-Live-Oak-St-75204/unit-105/home/30731323,NTREIS,20615813,N,Y,32.7866566,-96.791023
PAST SALE,April-24-2024,Condo/Co-op,2812 Minert St,Dallas,TX,75219,255000,2,1.5,Montebella Condo,1019,227645,1955,,250,382,Sold,,,https://www.redfin.com/TX/Dallas/2812-Minert-St-75219/home/190387535,NTREIS,20566541,N,Y,32.816949,-96.824412
PAST SALE,March-3-2024,Condo/Co-op,3425 Lovers Ln,University Park,TX,75225,1100000,3,3.0,Plaza Court Condos,2485,15263,2001,,443,400,Sold,,,https://www.redfin.com/TX/Dallas/3425-Lovers-Ln-75225/home/30758271,NTREIS,20541072,N,Y,32.8509631,-96.7887386
PAST SALE,July-12-2024,Condo/Co-op,9809 Walnut St,Dallas,TX,75243,65000,1,1.0,Richland Trace Condos,774,383938,1981,,84,242,Sold,,,https://www.redfin.com/TX/Dallas/9809-Walnut-St-75243/home/179454789,NTREIS,20652188,N,Y,32.9223979,-96.714232
PAST SALE,December-28-2023,Condo/Co-op,5212 Fleetwood Oaks Ave #102,Dallas,TX,75235,100000,1,1.0,Greenbriar Place Condos,698,132422,1963,,143,224,Sold,,,https://www.redfin.com/TX/Dallas/5212-Fleetwood-Oaks-Ave-75235/unit-102/home/31137909,NTREIS,20496411,N,Y,32.8175645,-96.8293635
PAST SALE,April-24-2024,Condo/Co-op,3620 N San Jacinto Ave #107,Dallas,TX,75204,669000,3,2.5,Pecos Park,1797,,2024,,372,200,Sold,,,https://www.redfin.com/TX/Dallas/3620-N-San-Jacinto-AVE-75204/unit-107/home/190555333,NTREIS,20593328,N,Y,32.799475,-96.7868794
PAST SALE,January-8-2024,Condo/Co-op,2610 Kimsey #203,Dallas,TX,75235,480000,2,2.5,MAPLE LAWN TERRACE,1612,7492,2022,,298,200,Sold,,,https://www.redfin.com/TX/Dallas/2610-Kimsey-Dr-75235/unit-203/home/178536922,NTREIS,20002232,N,Y,32.8242344,-96.8376181
PAST SALE,April-29-2024,Condo/Co-op,9858 Brockbank Dr,Dallas,TX,75220,185000,2,1.5,Colony Square Condos,1048,192797,1968,,177,335,Sold,,,https://www.redfin.com/TX/Dallas/9858-Brockbank-Dr-75220/home/190630082,NTREIS,20541430,N,Y,32.8754313,-96.8759786
PAST SALE,January-24-2024,Condo/Co-op,12482 Abrams Rd #1003,Dallas,TX,75243,135000,1,1.0,Creekbend Condos,778,783644,1982,,174,210,Sold,,,https://www.redfin.com/TX/Dallas/12482-Abrams-Rd-75243/unit-1003/home/31167828,NTREIS,20502535,N,Y,32.917527,-96.732674
PAST SALE,April-17-2024,Condo/Co-op,5913 Lake Hubbard Pkwy #124,Garland,TX,75043,139900,1,1.0,Faulkner,755,4356,1981,,185,284,Sold,,,https://www.redfin.com/TX/Garland/5913-Lake-Hubbard-Pkwy-75043/unit-124/home/31385841,NTREIS,20554331,N,Y,32.8594616,-96.5430351
PAST SALE,November-19-2024,Condo/Co-op,12834 Midway Rd #2106,Dallas,TX,75244,150000,2,2.0,Las Colonitas Condo,851,347130,1970,,176,452,Sold,,,https://www.redfin.com/TX/Dallas/12834-Midway-Rd-75244/unit-2106/home/31096918,NTREIS,20770263,N,Y,32.9236959,-96.8375578
PAST SALE,May-7-2024,Condo/Co-op,5809 Lake Hubbard Pkwy #307,Garland,TX,75043,149000,1,1.0,Faulkner Point 05-Lake Point Condo,674,107855,1983,,221,170,Sold,,,https://www.redfin.com/TX/Garland/5809-Lake-Hubbard-Pkwy-75043/unit-307/home/31385659,NTREIS,20602117,N,Y,32.8584363,-96.5437692
PAST SALE,March-15-2024,Condo/Co-op,5930 Sandhurst Ln #119,Dallas,TX,75206,375000,3,2.0,Tuscany Condos,1224,203643,1967,,306,453,Sold,,,https://www.redfin.com/TX/Dallas/5930-Sandhurst-Ln-75206/unit-119/home/30747008,NTREIS,20547429,N,Y,32.8438308,-96.7645051
PAST SALE,June-26-2024,Condo/Co-op,9170 Forest Ln #229,Dallas,TX,75243,115000,2,2.0,Nob Oak Condo,868,97618,1981,,132,298,Sold,,,https://www.redfin.com/TX/Dallas/9170-Forest-Ln-75243/unit-229/home/31127276,NTREIS,20608433,N,Y,32.9084454,-96.7449703
PAST SALE,October-4-2024,Condo/Co-op,6615 Bandera Ave Unit 2F,Dallas,TX,75225,1200000,3,4.5,Drexel Park Hollow Condos,3395,84376,2006,,353,1697,Sold,,,https://www.redfin.com/TX/Dallas/6615-Bandera-Ave-75225/unit-2F/home/30788840,NTREIS,20729326,N,Y,32.8679545,-96.7906652
PAST SALE,February-23-2024,Condo/Co-op,2300 Leonard St #505,Dallas,TX,75201,550000,1,1.5,Metropolitan Club Condos,1340,22651,2004,,410,494,Sold,,,https://www.redfin.com/TX/Dallas/2300-Leonard-St-75201/unit-505/home/30745846,NTREIS,20535551,N,Y,32.7937737,-96.8009863
PAST SALE,August-2-2024,Condo/Co-op,3535 Gillespie St #204,Dallas,TX,75219,895000,2,2.5,Plaza At Turtle Creek Residence Ph,1886,136473,2000,,475,1850,Sold,,,https://www.redfin.com/TX/Dallas/3535-Gillespie-St-75219/unit-204/home/32253525,NTREIS,20672792,N,Y,32.8052281,-96.8083162
PAST SALE,June-27-2024,Condo/Co-op,5656 N Central Expy #703,Dallas,TX,75206,800000,2,2.5,M Central Residences Condo,2256,170102,2005,,355,1812,Sold,,,https://www.redfin.com/TX/Dallas/5656-N-Central-Expy-75206/unit-703/home/30775758,NTREIS,20601557,N,Y,32.8356908,-96.7783931
PAST SALE,May-29-2024,Condo/Co-op,7928 Royal Ln #209,Dallas,TX,75230,143000,2,1.0,Royal Central Condos,870,102802,1974,,164,424,Sold,,,https://www.redfin.com/TX/Dallas/7928-Royal-Ln-75230/unit-209/home/30992560,NTREIS,20616967,N,Y,32.898382,-96.7704807
PAST SALE,May-31-2024,Condo/Co-op,9839 Walnut St #305,Dallas,TX,75243,65000,1,1.0,Richland Trace Condos,486,383938,1984,,134,168,Sold,,,https://www.redfin.com/TX/Dallas/9839-Walnut-St-75243/unit-305/home/31183475,NTREIS,20622712,N,Y,32.9199865,-96.7131618
PAST SALE,August-16-2024,Condo/Co-op,5819 Birchbrook Dr #205,Dallas,TX,75206,217000,2,2.0,Birchbrook 01 Condo,854,132553,1968,,254,271,Sold,,,https://www.redfin.com/TX/Dallas/5819-Birchbrook-Dr-75206/unit-205/home/30868378,NTREIS,20674213,N,Y,32.847596,-96.7668793
PAST SALE,March-1-2024,Condo/Co-op,2700 Old Denton Rd #1006,Carrollton,TX,75007,365000,2,2.0,The View,1151,304920,2022,,317,415,Sold,,,https://www.redfin.com/TX/Carrollton/2700-Old-Denton-Rd-75007/unit-1006/home/182434264,NTREIS,20540052,N,Y,33.0050522,-96.8476806
PAST SALE,May-2-2024,Condo/Co-op,4221 Cole Ave #104,Dallas,TX,75205,339000,2,2.0,Cole Ave Condo 4221,1030,17990,1983,,329,362,Sold,,,https://www.redfin.com/TX/Dallas/4221-Cole-Ave-75205/unit-104/home/31166717,NTREIS,20575608,N,Y,32.8173788,-96.7925367
PAST SALE,June-24-2024,Condo/Co-op,5616 Preston Oaks Rd #105,Dallas,TX,75254,244000,2,2.5,THE OAKS ON MONTFORT CONDOS,1098,301958,1981,,222,400,Sold,,,https://www.redfin.com/TX/Dallas/5616-Preston-Oaks-Rd-75254/unit-105/home/31130673,NTREIS,20641546,N,Y,32.9425883,-96.8129924
PAST SALE,December-20-2023,Condo/Co-op,3030 Mckinney Ave #1003,Dallas,TX,75204,499000,2,2.0,Latour Condo,1353,65601,1981,,369,1185,Sold,,,https://www.redfin.com/TX/Dallas/3030-McKinney-Ave-75204/unit-1003/home/31174590,NTREIS,20486325,N,Y,32.8016841,-96.8005017
PAST SALE,February-9-2024,Condo/Co-op,3026 Mahanna Springs Dr Unit A,Dallas,TX,75235,119500,1,1.0,Tanglewood Twnhms Condos,513,181471,1962,,233,232,Sold,,,https://www.redfin.com/TX/Dallas/3026-Mahanna-Springs-Dr-75235/unit-A/home/30814491,NTREIS,20514993,N,Y,32.820273,-96.823497
PAST SALE,July-3-2024,Condo/Co-op,7602 Woodthrush Dr,Dallas,TX,75230,325000,2,2.5,Pagewood Twnhms Ph 01,1530,22695,1969,,212,371,Sold,,,https://www.redfin.com/TX/Dallas/7602-Woodthrush-Dr-75230/home/30990496,NTREIS,20645159,N,Y,32.8888456,-96.7759462
PAST SALE,April-16-2024,Condo/Co-op,6349 Bandera Ave #16,Dallas,TX,75225,365000,2,2.0,Carlton House Condominiums,1273,,1960,,287,862,Sold,,,https://www.redfin.com/TX/Dallas/6349-Bandera-Ave-75225/unit-16/home/30874401,NTREIS,20578889,N,Y,32.8677484,-96.7962483
PAST SALE,March-8-2024,Condo/Co-op,3718 Holland Ave #2,Dallas,TX,75219,339000,1,1.5,Holland Condominiums,1132,,1972,,299,250,Sold,,,https://www.redfin.com/TX/Dallas/3718-Holland-Ave-75219/unit-2/home/30794989,NTREIS,20531290,N,Y,32.8127552,-96.8030708
PAST SALE,November-14-2024,Condo/Co-op,3217 Armstrong Ave #8,Dallas,TX,75205,840000,2,2.5,Armstrong Ave Condos,2392,2178,1981,,351,610,Sold,,,https://www.redfin.com/TX/Dallas/3217-Armstrong-Ave-75205/unit-8/home/31125561,NTREIS,20763408,N,Y,32.821505,-96.790059
PAST SALE,June-3-2024,Condo/Co-op,4330 Mckinney Ave #24,Dallas,TX,75205,850000,2,2.5,Brighton Lofts North Condo,2223,44997,2002,,382,450,Sold,,,https://www.redfin.com/TX/Dallas/4330-McKinney-Ave-75205/unit-24/home/30729151,NTREIS,20618094,N,Y,32.819017,-96.7891994
PAST SALE,July-24-2024,Condo/Co-op,6461 Bordeaux Ave,Dallas,TX,75209,350000,2,1.0,Bordeaux Village Condos,1027,649915,1951,,341,376,Sold,,,https://www.redfin.com/TX/Dallas/6461-Bordeaux-Ave-75209/unit-6461/home/31137984,NTREIS,20667270,N,Y,32.8360324,-96.8264965
PAST SALE,May-28-2024,Condo/Co-op,3800 Holland Ave #15,Dallas,TX,75219,499999,2,2.5,Marc Condo,1464,31058,2005,,342,355,Sold,,,https://www.redfin.com/TX/Dallas/3800-Holland-Ave-75219/unit-15/home/30764610,NTREIS,20586890,N,Y,32.8137806,-96.8037923
PAST SALE,June-28-2024,Condo/Co-op,4211 Holland Ave #101,Dallas,TX,75219,185000,1,1.0,Two Holland Place Condos,591,24002,1970,,313,300,Sold,,,https://www.redfin.com/TX/Dallas/4211-Holland-Ave-75219/unit-101/home/30799621,NTREIS,20642542,N,Y,32.8175357,-96.8090873
PAST SALE,July-8-2024,Condo/Co-op,3404 Shenandoah St,University Park,TX,75205,625000,2,2.5,Presidents House Condo,1304,21519,1984,,479,346,Sold,,,https://www.redfin.com/TX/Dallas/3404-Shenandoah-St-75205/home/32093798,NTREIS,20616698,N,Y,32.8398298,-96.7874158
PAST SALE,August-10-2024,Condo/Co-op,4223 Buena Vista St #9,Dallas,TX,75205,624500,2,2.0,Newbury Square Condos,1597,21519,2001,,391,502,Sold,,,https://www.redfin.com/TX/Dallas/4223-Buena-Vista-St-75205/unit-9/home/32253512,NTREIS,20680366,N,Y,32.8182755,-96.7945329
PAST SALE,October-18-2024,Condo/Co-op,1038 Kings Hwy #4,Dallas,TX,75208,409900,2,1.5,1038 Kings Hwy Condo,1574,7405,2015,,260,250,Sold,,,https://www.redfin.com/TX/Dallas/1038-Kings-Hwy-75208/unit-4/home/143838379,NTREIS,20741891,N,Y,32.7501951,-96.8400152
PAST SALE,July-16-2024,Condo/Co-op,4133 University Blvd #3,University Park,TX,75205,1100000,3,3.5,Stratfrd Manor 4133 Univ Condos,2398,10846,2008,,459,375,Sold,,,https://www.redfin.com/TX/Dallas/4133-University-Blvd-75205/unit-3/home/32398549,NTREIS,20619576,N,Y,32.8449412,-96.8058472
PAST SALE,April-23-2024,Condo/Co-op,3225 Turtle Creek Blvd #731,Dallas,TX,75219,308000,1,1.0,Renaissance On Turtle Creek Condo,846,154028,1998,,364,690,Sold,,,https://www.redfin.com/TX/Dallas/3225-Turtle-Creek-Blvd-75219/unit-731/home/30746352,NTREIS,20560381,N,Y,32.8067871,-96.8040414
PAST SALE,September-10-2024,Condo/Co-op,6625 Bandera Ave Unit 1C,Dallas,TX,75225,775000,2,2.5,Drexel Park Hollow Condos,2350,84376,2006,,330,1293,Sold,,,https://www.redfin.com/TX/Dallas/6625-Bandera-Ave-75225/unit-1C/home/30788846,NTREIS,20677438,N,Y,32.8680411,-96.7899946
PAST SALE,January-26-2024,Condo/Co-op,4034 Rawlins St #104,Dallas,TX,75219,270000,1,1.0,Rawlins Park Condo,696,17860,1984,,388,202,Sold,,,https://www.redfin.com/TX/Dallas/4034-Rawlins-St-75219/unit-104/home/32253562,NTREIS,20498989,N,Y,32.8140034,-96.8097202
PAST SALE,October-28-2024,Condo/Co-op,5747 Prospect Ave Unit E,Dallas,TX,75206,530000,2,2.5,Matilda Condo,1831,13852,2006,,289,330,Sold,,,https://www.redfin.com/TX/Dallas/5747-Prospect-Ave-75206/unit-E/home/30782927,NTREIS,20756390,N,Y,32.8151332,-96.7682564
PAST SALE,July-29-2024,Condo/Co-op,1200 Main St #1809,Dallas,TX,75202,490000,2,2.0,Metropolitan 1200 Main St Condo,1379,44997,1974,,355,976,Sold,,,https://www.redfin.com/TX/Dallas/1200-Main-St-75202/unit-1809/home/30776350,NTREIS,20660630,N,Y,32.7798782,-96.8014745
PAST SALE,April-23-2024,Condo/Co-op,2305 Worthington St #314,Dallas,TX,75204,450000,2,2.0,Belvedere Condos,1295,72527,1999,,347,641,Sold,,,https://www.redfin.com/TX/Dallas/2305-Worthington-St-75204/unit-314/home/32218133,NTREIS,20546523,N,Y,32.7958743,-96.7994495
PAST SALE,December-27-2023,Condo/Co-op,1860 Signal Ridge Pl,Rockwall,TX,75032,365000,3,2.0,Signal Ridge #4,1362,7405,1997,,268,296,Sold,,,https://www.redfin.com/TX/Rockwall/1860-Signal-Ridge-Pl-75032/home/33936347,NTREIS,20489130,N,Y,32.8854059,-96.4826463
PAST SALE,March-26-2024,Condo/Co-op,1854 Euclid Ave #103,Dallas,TX,75206,625000,2,2.5,1854 Euclid Condo,1953,7492,2017,,320,200,Sold,,,https://www.redfin.com/TX/Dallas/1854-Euclid-Ave-75206/unit-103/home/145771608,NTREIS,20546154,N,Y,32.8130454,-96.7733524
PAST SALE,December-20-2023,Condo/Co-op,2323 N Houston St #704,Dallas,TX,75219,625000,2,2.5,Terrace Condos,2308,39727,2005,,271,1378,Sold,,,https://www.redfin.com/TX/Dallas/2323-N-Houston-St-75219/unit-704/home/30766000,NTREIS,20477398,N,Y,32.7856143,-96.8090109
PAST SALE,September-5-2024,Condo/Co-op,4312 Mckinney Ave #8,Dallas,TX,75205,665000,2,2.5,Brighton Lofts South Condo,2394,35022,2001,,278,400,Sold,,,https://www.redfin.com/TX/Dallas/4312-McKinney-Ave-75205/unit-8/home/30731519,NTREIS,20692897,N,Y,32.8183468,-96.7893287
PAST SALE,March-11-2024,Condo/Co-op,5909 Luther Ln #804,Dallas,TX,75225,697000,2,2.0,Shelton Condo,1361,65993,1983,,512,1184,Sold,,,https://www.redfin.com/TX/Dallas/5909-Luther-Ln-75225/unit-804/home/31186217,NTREIS,20538717,N,Y,32.8638903,-96.8107584
PAST SALE,December-1-2023,Condo/Co-op,2134 Lovedale Ave #103,Dallas,TX,75235,410000,2,2.5,Welch & Reynolds,1325,7710,2023,,309,250,Sold,,,https://www.redfin.com/TX/Dallas/2134-Lovedale-Ave-75235/unit-103/home/187795035,NTREIS,20436563,N,Y,32.8288882,-96.8553071
PAST SALE,September-6-2024,Condo/Co-op,12824 Midway Rd #1136,Dallas,TX,75244,174999,2,2.0,Las Colonitas Condo,850,347130,1970,,206,450,Sold,,,https://www.redfin.com/TX/Dallas/12824-Midway-Rd-75244/unit-1136/home/31096844,NTREIS,20713328,N,Y,32.9234614,-96.8371087
PAST SALE,December-18-2023,Condo/Co-op,4206 Newton Ave #106,Dallas,TX,75219,199999,1,1.0,Blair House Condos Bldg C,639,36678,1963,,313,183,Sold,,,https://www.redfin.com/TX/Dallas/4206-Newton-Ave-75219/unit-106/home/30799783,NTREIS,20489432,N,Y,32.8183497,-96.8042145
PAST SALE,March-15-2024,Condo/Co-op,7525 Holly Hill Dr #22,Dallas,TX,75231,129900,1,1.0,Holly Glen Condos,631,,1980,,206,252,Sold,,,https://www.redfin.com/TX/Dallas/7525-Holly-Hill-Dr-75231/unit-22/home/30858992,NTREIS,20535325,N,Y,32.8799259,-96.75414
PAST SALE,February-27-2024,Condo/Co-op,4044 Buena Vista St #215,Dallas,TX,75204,295000,2,2.5,Buena Vista Condo 4044,1080,37505,1972,,273,347,Sold,,,https://www.redfin.com/TX/Dallas/4044-Buena-Vista-St-75204/unit-215/home/30798846,NTREIS,20507350,N,Y,32.8144754,-96.7958795
PAST SALE,March-18-2024,Condo/Co-op,3447 Rankin St,University Park,TX,75205,680000,2,2.0,Two Rankin Place Condo,1324,14549,1983,,514,167,Sold,,,https://www.redfin.com/TX/Dallas/3447-Rankin-St-75205/home/32099773,NTREIS,20535654,N,Y,32.8491897,-96.7893143
PAST SALE,June-24-2024,Condo/Co-op,1810 N Garrett Ave #109,Dallas,TX,75206,115000,1,1.0,Braemar North Condo,483,44780,1983,,238,220,Sold,,,https://www.redfin.com/TX/Dallas/1810-N-Garrett-Ave-75206/unit-109/home/31162330,NTREIS,20616086,N,Y,32.8090171,-96.775208
PAST SALE,April-30-2024,Condo/Co-op,3448 Rankin St Unit A,University Park,TX,75205,700000,2,2.5,Rankin Place,1300,7013,1984,,538,,Sold,,,https://www.redfin.com/TX/Dallas/3448-Rankin-St-75205/unit-A/home/32093536,NTREIS,20574710,N,Y,32.8496,-96.78984
PAST SALE,March-15-2024,Condo/Co-op,3505 Turtle Creek Blvd Unit 10B,Dallas,TX,75219,2950000,3,4.5,Vendome on Turtle Creek Condo,3439,,2000,,858,2919,Sold,,,https://www.redfin.com/TX/Dallas/3505-Turtle-Creek-Blvd-75219/unit-10B/home/30731983,NTREIS,20538283,N,Y,32.8104426,-96.8030289
PAST SALE,May-13-2024,Condo/Co-op,6634 Airline Rd,University Park,TX,75205,735000,3,3.5,Renaissance Corners Condominiums,1707,20952,2002,,431,195,Sold,,,https://www.redfin.com/TX/Dallas/6634-Airline-Rd-75205/home/30730324,NTREIS,20554985,N,Y,32.8475802,-96.7826277
PAST SALE,October-7-2024,Condo/Co-op,12482 Abrams Rd #1327,Dallas,TX,75243,170000,2,2.0,Creekbend Condo Ph 01-06,959,783644,1982,,177,312,Sold,,,https://www.redfin.com/TX/Dallas/12482-Abrams-Rd-75243/unit-1327/home/31168135,NTREIS,20725788,N,Y,32.917527,-96.732674
PAST SALE,September-26-2024,Condo/Co-op,1855 Summit Ave #104,Dallas,TX,75206,599000,2,2.5,1855 Summit Condo,1524,7500,2018,,393,275,Sold,,,https://www.redfin.com/TX/Dallas/1855-Summit-Ave-75206/unit-104/home/170017171,NTREIS,20718707,N,Y,32.812774,-96.7725688
PAST SALE,November-28-2023,Condo/Co-op,3505 Turtle Creek Blvd Unit 16E,Dallas,TX,75219,1295000,2,3.5,Vendome On Turtle Creek Condo,1895,90997,2000,,683,1475,Sold,,,https://www.redfin.com/TX/Dallas/3505-Turtle-Creek-Blvd-75219/unit-16E/home/30731994,NTREIS,20465467,N,Y,32.8104426,-96.8030289
PAST SALE,April-30-2024,Condo/Co-op,4845 Cedar Springs Rd #169,Dallas,TX,75219,159995,2,2.0,River Oaks Condo,961,287888,1970,,166,592,Sold,,,https://www.redfin.com/TX/Dallas/4845-Cedar-Springs-Rd-75219/unit-169/home/30814964,NTREIS,20574267,N,Y,32.8186468,-96.8221291
PAST SALE,June-11-2024,Condo/Co-op,5718 Marvin Loving Dr #120,Garland,TX,75043,94900,1,1.0,Faulkner,854,181035,1982,,111,300,Sold,,,https://www.redfin.com/TX/Garland/5718-Marvin-Loving-Dr-75043/unit-120/home/31385669,NTREIS,20621229,N,Y,32.8591644,-96.5458232
PAST SALE,April-26-2024,Condo/Co-op,7025 Hemlock Ave #103,Dallas,TX,75231,99000,1,1.0,Hemlock At Park Lane Condos,733,25134,1982,,135,215,Sold,,,https://www.redfin.com/TX/Dallas/7025-Hemlock-Ave-75231/unit-103/home/31171077,NTREIS,20560630,N,Y,32.8714133,-96.7582946
PAST SALE,May-3-2024,Condo/Co-op,4652 Matilda St Unit G,Dallas,TX,75206,144000,1,1.0,Terrace Condo,738,179424,1968,,195,423,Sold,,,https://www.redfin.com/TX/Dallas/4652-Matilda-St-75206/unit-G/home/30867476,NTREIS,20585356,N,Y,32.8434086,-96.7678384
PAST SALE,July-5-2024,Condo/Co-op,4616 W Lovers Ln #209,Dallas,TX,75209,280000,2,2.0,4616 West Lovers Lane Condos,1056,117176,1960,,265,350,Sold,,,https://www.redfin.com/TX/Dallas/4616-W-Lovers-Ln-75209/unit-209/home/30776529,NTREIS,20592620,N,Y,32.8508831,-96.8312058
PAST SALE,January-22-2024,Condo/Co-op,4343 Buena Vista St #5,Dallas,TX,75205,780000,2,2.5,Oliver Court Condos,2310,15638,2001,,338,542,Sold,,,https://www.redfin.com/TX/Dallas/4343-Buena-Vista-St-75205/unit-5/home/32253506,NTREIS,20500285,N,Y,32.8206971,-96.7933367
PAST SALE,January-19-2024,Condo/Co-op,12921 Abrams Rd #309,Dallas,TX,75243,155000,2,1.0,Richland Park Apt-Westchase Condo,835,141962,1980,,186,322,Sold,,,https://www.redfin.com/TX/Dallas/12921-Abrams-Rd-75243/unit-309/home/31109303,NTREIS,20498883,N,Y,32.9225486,-96.7364426
PAST SALE,January-3-2024,Condo/Co-op,6220 Bentwood Trl #901,Dallas,TX,75252,259900,1,1.5,Bent Trail Twnhms,962,21780,1984,,270,302,Sold,,,https://www.redfin.com/TX/Dallas/6220-Bentwood-Trl-75252/unit-901/home/32185676,NTREIS,20481371,N,Y,33.0024152,-96.7965949
PAST SALE,March-5-2024,Condo/Co-op,4320 Holland Ave #204,Dallas,TX,75219,145000,1,1.0,Le Rochelle Condo,684,15987,1965,,212,315,Sold,,,https://www.redfin.com/TX/Dallas/4320-Holland-Ave-75219/unit-204/home/30799580,NTREIS,20519778,N,Y,32.819157,-96.8097859
PAST SALE,October-30-2024,Condo/Co-op,4240 Prescott Ave Unit 4B,Dallas,TX,75219,1350000,2,2.5,Drexel Highlander Condo,2293,28662,2004,,589,1600,Sold,,,https://www.redfin.com/TX/Dallas/4240-Prescott-Ave-75219/unit-4B/home/30775533,NTREIS,20749128,N,Y,32.8213935,-96.802786
PAST SALE,October-11-2024,Condo/Co-op,7035 Helsem Way #178,Dallas,TX,75230,580000,2,2.0,Hillcrest Villa Condo,1748,721005,1974,,332,395,Sold,,,https://www.redfin.com/TX/Dallas/7035-Helsem-Way-75230/unit-178/home/31020409,NTREIS,20720244,N,Y,32.9192713,-96.7829732
PAST SALE,July-11-2024,Condo/Co-op,3920 Travis St #15,Dallas,TX,75204,625000,2,2.5,Travis Street Condo 3920-22,1262,29708,1985,,495,608,Sold,,,https://www.redfin.com/TX/Dallas/3920-Travis-St-75204/unit-15/home/31187302,NTREIS,20633619,N,Y,32.8117976,-96.7962404
PAST SALE,December-22-2023,Condo/Co-op,5200 Keller Springs Rd #430,Dallas,TX,75248,559900,3,3.0,Bonaventure Condo,2105,331012,1981,,266,1250,Sold,,,https://www.redfin.com/TX/Dallas/5200-Keller-Springs-Rd-75248/unit-430/home/31128909,NTREIS,20480914,N,Y,32.967975,-96.8184893
PAST SALE,November-23-2023,Condo/Co-op,9601 Forest Ln #1223,Dallas,TX,75243,115000,2,2.0,Forestwood On The Creek 02,1137,166094,1983,,101,290,Sold,,,https://www.redfin.com/TX/Dallas/9601-Forest-Ln-75243/unit-1223/home/31169263,NTREIS,20458634,N,Y,32.9106312,-96.7275948
PAST SALE,September-10-2024,Condo/Co-op,1848 Euclid Ave #105,Dallas,TX,75206,575000,2,2.5,1848 Euclid Condo,1438,7492,2017,,400,250,Sold,,,https://www.redfin.com/TX/Dallas/1848-Euclid-Ave-75206/unit-105/home/169393472,NTREIS,20709105,N,Y,32.8129042,-96.773362
PAST SALE,February-5-2024,Condo/Co-op,6210 Oram St #7,Dallas,TX,75214,185000,1,1.0,Oram Court Condos Bldg A,641,26310,1984,,289,243,Sold,,,https://www.redfin.com/TX/Dallas/6210-Oram-St-75214/unit-7/home/31179212,NTREIS,20509561,N,Y,32.8135566,-96.7580831
PAST SALE,October-31-2024,Condo/Co-op,1952 Signal Ridge Pl Unit E,Rockwall,TX,75032,329000,2,2.0,Signal Ridge #4,1262,1262,1999,,261,277,Sold,,,https://www.redfin.com/TX/Rockwall/1952-Signal-Ridge-Pl-75032/unit-E/home/33938306,NTREIS,20740661,N,Y,32.8844237,-96.4836284
PAST SALE,November-5-2024,Condo/Co-op,5335 Bent Tree Forest Dr #204,Dallas,TX,75248,160000,1,1.0,Bent Tree Forest Condos,678,381847,1981,,236,224,Sold,,,https://www.redfin.com/TX/Dallas/5335-Bent-Tree-Forest-Dr-75248/unit-204/home/31132000,NTREIS,20606585,N,Y,32.9659803,-96.8166967
PAST SALE,March-25-2024,Condo/Co-op,3922 Travis St #5,Dallas,TX,75204,480000,2,1.5,Travis Street Condo 3920-22,1033,29708,1985,,465,518,Sold,,,https://www.redfin.com/TX/Dallas/3922-Travis-St-75204/unit-5/home/31187281,NTREIS,20539619,N,Y,32.8118139,-96.796253
PAST SALE,January-31-2024,Condo/Co-op,2323 N Houston St #204,Dallas,TX,75219,450000,2,2.0,Terrace Condos,1260,39727,2005,,357,775,Sold,,,https://www.redfin.com/TX/Dallas/2323-N-Houston-St-75219/unit-204/home/30765289,NTREIS,20487592,N,Y,32.7856143,-96.8090109
PAST SALE,February-22-2024,Condo/Co-op,5805 Lindell Ave #105,Dallas,TX,75206,545000,2,2.5,5805 Lindell Condo,1463,7187,2018,,373,200,Sold,,,https://www.redfin.com/TX/Dallas/5805-Lindell-Ave-75206/unit-105/home/146507754,NTREIS,20532322,N,Y,32.8091892,-96.7675808
PAST SALE,March-18-2024,Condo/Co-op,14151 Montfort Dr #318,Dallas,TX,75254,200000,2,1.5,Lifescape Villas on Montfort,1001,463130,1981,,200,352,Sold,,,https://www.redfin.com/TX/Dallas/14151-Montfort-Dr-75254/unit-318/home/32218220,NTREIS,20532769,N,Y,32.941501,-96.8145537
PAST SALE,July-3-2024,Condo/Co-op,18333 Roehampton Dr #428,Dallas,TX,75252,124999,1,1.0,Cimarron Court Condo Ph 1,448,741,1985,,279,141,Sold,,,https://www.redfin.com/TX/Dallas/18333-Roehampton-Dr-75252/unit-428/home/32197241,NTREIS,20645257,N,Y,33.001169,-96.8041287
PAST SALE,August-1-2024,Condo/Co-op,6220 Bentwood Trl #1505,Dallas,TX,75252,164900,1,1.0,Bent Trail Twnhms,484,,1984,,341,185,Sold,,,https://www.redfin.com/TX/Dallas/6220-Bentwood-Trl-75252/unit-1505/home/32027442,NTREIS,20644032,N,Y,33.0024152,-96.7965949
PAST SALE,March-18-2024,Condo/Co-op,3008 Mahanna Springs Dr Unit C,Dallas,TX,75235,215000,2,1.0,Tanglewood Twnhms,918,181471,1962,,234,452,Sold,,,https://www.redfin.com/TX/Dallas/3008-Mahanna-Springs-Dr-75235/unit-C/home/30814506,NTREIS,20527772,N,Y,32.819684,-96.822988
PAST SALE,July-19-2024,Condo/Co-op,2900 Mckinnon St #2800,Dallas,TX,75201,2200000,2,2.5,Azure,2410,57107,2005,,913,2747,Sold,,,https://www.redfin.com/TX/Dallas/2900-McKinnon-St-75201/unit-2800/home/30775357,NTREIS,20640956,N,Y,32.7960003,-96.808917
PAST SALE,April-29-2024,Condo/Co-op,2200 Victory Ave #2003,Dallas,TX,75219,595000,1,1.5,The House,1056,53709,2007,,563,1037,Sold,,,https://www.redfin.com/TX/Dallas/2200-Victory-Ave-75219/unit-2003/home/30782328,NTREIS,20561824,N,Y,32.7849539,-96.8096754
PAST SALE,June-28-2024,Condo/Co-op,12810 Midway Rd #1046,Dallas,TX,75244,130000,2,1.0,Las Colonitas Condo,795,347130,1970,,164,421,Sold,,,https://www.redfin.com/TX/Dallas/12810-Midway-Rd-75244/unit-1046/home/31097049,NTREIS,20642810,N,Y,32.9229929,-96.8379216
PAST SALE,June-4-2024,Condo/Co-op,3225 Turtle Creek Blvd #1604,Dallas,TX,75219,459900,2,2.0,Renaissance On Turtle Creek Condo,1126,154028,1998,,408,913,Sold,,,https://www.redfin.com/TX/Dallas/3225-Turtle-Creek-Blvd-75219/unit-1604/home/30731875,NTREIS,20612361,N,Y,32.8067871,-96.8040414
PAST SALE,November-28-2023,Condo/Co-op,3030 Mckinney Ave #403,Dallas,TX,75204,430000,2,2.0,La Tour Condominiums,1353,,1981,,318,1129,Sold,,,https://www.redfin.com/TX/Dallas/3030-McKinney-Ave-75204/unit-403/home/31174052,NTREIS,20435248,N,Y,32.8016841,-96.8005017
PAST SALE,May-31-2024,Condo/Co-op,7700 Eastern Ave #204,Dallas,TX,75209,715000,2,2.5,Greenway Place Condo,2153,101059,2016,,332,450,Sold,,,https://www.redfin.com/TX/Dallas/7700-Eastern-Ave-75209/unit-204/home/30788868,NTREIS,20608072,N,Y,32.8495271,-96.8138525
PAST SALE,July-18-2024,Condo/Co-op,5200 Keller Springs Rd #630,Dallas,TX,75248,399999,2,2.5,Bonaventure Condo,2105,331012,1981,,190,1312,Sold,,,https://www.redfin.com/TX/Dallas/5200-Keller-Springs-Rd-75248/unit-630/home/31128952,NTREIS,20631865,N,Y,32.967975,-96.8184893
PAST SALE,May-22-2024,Condo/Co-op,625 N Tyler St #401,Dallas,TX,75208,499800,2,2.5,CENTRE LIVING AT KINGS HWY CONDOS,2038,27573,2020,,245,325,Sold,,,https://www.redfin.com/TX/Dallas/625-N-Tyler-St-75208/unit-401/home/177844022,NTREIS,20598512,N,Y,32.7504285,-96.8378427
PAST SALE,September-24-2024,Condo/Co-op,922 Signal Ridge Pl,Rockwall,TX,75032,200000,2,2.0,Signal Ridge #2a & 2b,1176,3485,1983,,170,271,Sold,,,https://www.redfin.com/TX/Rockwall/922-Signal-Ridge-Pl-75032/home/33921735,NTREIS,20720515,N,Y,32.8862185,-96.479703
PAST SALE,July-31-2024,Condo/Co-op,15221 Berry Trl #803,Dallas,TX,75248,179000,1,1.0,Preston Bend Village Ph 02,756,220283,1981,,237,255,Sold,,,https://www.redfin.com/TX/Dallas/15221-Berry-Trl-75248/unit-803/home/31129122,NTREIS,20658986,N,Y,32.9555257,-96.8017995
PAST SALE,May-10-2024,Condo/Co-op,17490 Meandering Way #401,Dallas,TX,75252,279900,2,2.0,Willow Greene,1035,494406,1983,,270,390,Sold,,,https://www.redfin.com/TX/Dallas/17490-Meandering-Way-75252/unit-401/home/31998922,NTREIS,20576771,N,Y,32.9897386,-96.779047
PAST SALE,April-11-2024,Condo/Co-op,3904 Rawlins St #104,Dallas,TX,75219,365000,2,2.5,Courtyard Condo,1101,25352,1981,,332,250,Sold,,,https://www.redfin.com/TX/Dallas/3904-Rawlins-St-75219/unit-104/home/31123844,NTREIS,20561530,N,Y,32.8123958,-96.8076907
PAST SALE,August-2-2024,Condo/Co-op,10774 Villager Rd Unit B,Dallas,TX,75230,399500,2,2.0,Royal Lane Condos 5800,1460,492707,1969,,274,903,Sold,,,https://www.redfin.com/TX/Dallas/10774-Villager-Rd-75230/unit-B/home/30877491,NTREIS,20675935,N,Y,32.8933472,-96.8076066
PAST SALE,October-8-2024,Condo/Co-op,4000 Rawlins St #107,Dallas,TX,75219,198500,1,2.0,Rawlins Place Condo 4000,794,15202,1980,,250,184,Sold,,,https://www.redfin.com/TX/Dallas/4000-Rawlins-St-75219/unit-107/home/30796651,NTREIS,20735965,N,Y,32.8132307,-96.8086621
PAST SALE,May-1-2024,Condo/Co-op,1122 Jackson St #209,Dallas,TX,75202,292500,1,1.0,Soco Urban Loft Condo,1111,42863,1925,,263,682,Sold,,,https://www.redfin.com/TX/Dallas/1122-Jackson-St-75202/unit-209/home/30765055,NTREIS,20564705,N,Y,32.7783902,-96.8012287
PAST SALE,April-5-2024,Condo/Co-op,2614 N Carroll Ave #103,Dallas,TX,75204,489900,2,2.5,Belmont Park Rev,1357,7492,2024,,361,200,Sold,,,https://www.redfin.com/TX/Dallas/2614-N-Carroll-Ave-75204/unit-103/home/189921512,NTREIS,20546628,N,Y,32.8099156,-96.7881137
PAST SALE,May-17-2024,Condo/Co-op,4212 Lomo Alto Dr #206,Highland Park,TX,75219,610000,2,2.0,Savoy Condo Westpark Add,1498,27922,1983,,407,991,Sold,,,https://www.redfin.com/TX/Dallas/4212-Lomo-Alto-Dr-75219/unit-206/home/32097504,NTREIS,20580911,N,Y,32.8217982,-96.813537
PAST SALE,February-2-2024,Condo/Co-op,427 W 10th St #603,Dallas,TX,75208,445000,2,2.5,BISHOP ARTS TENTH STREET CONDOMINIUM,1585,31537,2020,,281,349,Sold,,,https://www.redfin.com/TX/Dallas/427-W-10th-St-75208/unit-603/home/182762661,NTREIS,20509494,N,Y,32.7452271,-96.8297779
PAST SALE,August-9-2024,Condo/Co-op,2885 Woodside St #202,Dallas,TX,75204,625000,2,2.5,Manor At State Thomas,1721,31537,2000,,363,940,Sold,,,https://www.redfin.com/TX/Dallas/2885-Woodside-St-75204/unit-202/home/30775841,NTREIS,20684838,N,Y,32.7985566,-96.7998212
PAST SALE,September-19-2024,Condo/Co-op,1836 Euclid Ave #103,Dallas,TX,75206,579900,2,2.5,1836 Euclid Condo,1438,7187,2018,,403,250,Sold,,,https://www.redfin.com/TX/Dallas/1836-Euclid-Ave-75206/unit-103/home/167084123,NTREIS,20710806,N,Y,32.8124929,-96.7733591
PAST SALE,May-2-2024,Condo/Co-op,5200 Keller Springs Rd #317,Dallas,TX,75248,359900,2,2.0,Bonaventure Condo,1685,331012,1981,,214,1051,Sold,,,https://www.redfin.com/TX/Dallas/5200-Keller-Springs-Rd-75248/unit-317/home/31128942,NTREIS,20578181,N,Y,32.967975,-96.8184893
PAST SALE,March-28-2024,Condo/Co-op,5013 Morris Ave #19,Addison,TX,75001,475000,2,2.5,Townhomes Of District A Ph 01-11,1982,1982,2005,,240,360,Sold,,,https://www.redfin.com/TX/Addison/5013-Morris-Ave-75001/unit-19/home/30765860,NTREIS,20534581,N,Y,32.9628525,-96.8252186
PAST SALE,November-12-2024,Condo/Co-op,3800 Holland Ave #2,Dallas,TX,75219,615000,2,2.5,Marc Condo,1605,31058,2005,,383,393,Sold,,,https://www.redfin.com/TX/Dallas/3800-Holland-Ave-75219/unit-2/home/30764627,NTREIS,20750949,N,Y,32.8137806,-96.8037923
PAST SALE,August-30-2024,Condo/Co-op,4333 Gilbert Ave #107,Dallas,TX,75219,360000,2,2.0,Sullivan On Gilbert Condos,1231,23610,2004,,292,453,Sold,,,https://www.redfin.com/TX/Dallas/4333-Gilbert-Ave-75219/unit-107/home/30761735,NTREIS,20684270,N,Y,32.8198252,-96.8098169
PAST SALE,September-12-2024,Condo/Co-op,12824 Midway Rd #1138,Dallas,TX,75244,142500,1,1.5,Las Colonitas Condo,732,347130,1970,,195,388,Sold,,,https://www.redfin.com/TX/Dallas/12824-Midway-Rd-75244/unit-1138/home/31096836,NTREIS,20691221,N,Y,32.9234614,-96.8371087
PAST SALE,April-12-2024,Condo/Co-op,1824 Euclid Ave Unit C,Dallas,TX,75206,625000,2,2.5,1824 Euclid Ave Condos,1806,7492,2016,,346,300,Sold,,,https://www.redfin.com/TX/Dallas/1824-Euclid-Ave-75206/unit-C/home/113886596,NTREIS,20545905,N,Y,32.8120801,-96.7731967
PAST SALE,June-27-2024,Condo/Co-op,9910 Royal Ln #106,Dallas,TX,75231,213000,1,1.5,Glen Oaks Twnhms Condo,912,277782,1981,,234,324,Sold,,,https://www.redfin.com/TX/Dallas/9910-Royal-Ln-75231/unit-106/home/31127599,NTREIS,20604316,N,Y,32.8940062,-96.7235565
PAST SALE,May-23-2024,Condo/Co-op,3525 Turtle Creek Blvd Unit 2A,Dallas,TX,75219,849000,3,3.0,Condo 3525,2622,123013,1957,,324,3164,Sold,,,https://www.redfin.com/TX/Dallas/3525-Turtle-Creek-Blvd-75219/unit-2A/home/30794948,NTREIS,20583016,N,Y,32.8114657,-96.8032763
PAST SALE,May-6-2024,Condo/Co-op,5923 Hudson St #103,Dallas,TX,75206,520000,2,2.5,ROSS AVE HEIGHTS,1538,9801,2019,,338,265,Sold,,,https://www.redfin.com/TX/Dallas/5923-Hudson-St-75206/unit-103/home/177844147,NTREIS,20592573,N,Y,32.8103766,-96.7659839
PAST SALE,December-22-2023,Condo/Co-op,3225 Turtle Creek Blvd #812,Dallas,TX,75219,350000,1,1.0,Turtle Crk Condo,832,154028,1998,,421,598,Sold,,,https://www.redfin.com/TX/Dallas/3225-Turtle-Creek-Blvd-75219/unit-812/home/30746377,NTREIS,20475504,N,Y,32.8067871,-96.8040414
PAST SALE,July-18-2024,Condo/Co-op,3437 Rankin St #3437,University Park,TX,75205,710000,2,2.5,One Rankin Place Condominiums,1280,7275,1983,,555,400,Sold,,,https://www.redfin.com/TX/Dallas/3437-Rankin-St-75205/unit-3437/home/32093920,NTREIS,20651194,N,Y,32.8492048,-96.7893338
PAST SALE,April-24-2024,Condo/Co-op,6368 Bordeaux Ave,Dallas,TX,75209,294900,2,1.0,Bordeaux Village Condos Bldg J,1029,649915,1951,,287,376,Sold,,,https://www.redfin.com/TX/Dallas/6368-Bordeaux-Ave-75209/home/31138124,NTREIS,20560337,N,Y,32.83486,-96.8252688
PAST SALE,May-8-2024,Condo/Co-op,4031 Travis St #3,Dallas,TX,75204,565000,2,2.5,Travis Street Condo 4031,1254,7536,1983,,451,275,Sold,,,https://www.redfin.com/TX/Dallas/4031-Travis-St-75204/unit-3/home/31187306,NTREIS,20342847,N,Y,32.814038,-96.7957211
PAST SALE,April-3-2024,Condo/Co-op,3025 Bryan St Unit 2F,Dallas,TX,75204,259000,1,1.5,Bryan Street Station Condo,933,50486,2006,,278,406,Sold,,,https://www.redfin.com/TX/Dallas/3025-Bryan-St-75204/unit-2F/home/30745494,NTREIS,20533065,N,Y,32.7920638,-96.7884276
PAST SALE,April-1-2024,Condo/Co-op,12660 Hillcrest Rd #4204,Dallas,TX,75230,229000,1,1.0,Williamsburg Condo Ph 02,876,429981,1986,,261,348,Sold,,,https://www.redfin.com/TX/Dallas/12660-Hillcrest-Rd-75230/unit-4204/home/30746725,NTREIS,20541454,N,Y,32.9211183,-96.7861586
PAST SALE,August-8-2024,Condo/Co-op,7151 Gaston Ave #803,Dallas,TX,75214,205000,1,1.0,Oaks Of Lakewood Condo,705,195497,1983,,291,269,Sold,,,https://www.redfin.com/TX/Dallas/7151-Gaston-Ave-75214/unit-803/home/31177601,NTREIS,20675952,N,Y,32.8121915,-96.7309256
PAST SALE,April-12-2024,Condo/Co-op,9837 Walnut St #206,Dallas,TX,75243,115000,3,1.0,Richland Trace Condos,931,383938,1984,,124,291,Sold,,,https://www.redfin.com/TX/Dallas/9837-Walnut-St-75243/unit-206/home/31183493,NTREIS,20565201,N,Y,32.9232223,-96.7125662
PAST SALE,February-13-2024,Condo/Co-op,1200 Main St #2406,Dallas,TX,75202,470000,2,2.0,Metropolitan 1200 Main Street,1379,44997,1974,,341,976,Sold,,,https://www.redfin.com/TX/Dallas/1200-Main-St-75202/unit-2406/home/30776415,NTREIS,20503121,N,Y,32.7798782,-96.8014745
PAST SALE,April-26-2024,Condo/Co-op,4221 Cole Ave #106,Dallas,TX,75205,225000,1,1.0,Cole Ave Condo 4221,642,17990,1983,,350,225,Sold,,,https://www.redfin.com/TX/Dallas/4221-Cole-Ave-75205/unit-106/home/31166697,NTREIS,20574036,N,Y,32.8173788,-96.7925367
PAST SALE,May-17-2024,Condo/Co-op,3225 Turtle Creek Blvd #208,Dallas,TX,75219,410000,2,2.0,Renaissance On Turtle Creek Condo,1163,154028,1998,,353,954,Sold,,,https://www.redfin.com/TX/Dallas/3225-Turtle-Creek-Blvd-75219/unit-208/home/30745683,NTREIS,20559737,N,Y,32.8067871,-96.8040414
PAST SALE,March-1-2024,Condo/Co-op,5707 Lindell Ave #205,Dallas,TX,75206,525000,2,2.5,Alta Vista,1564,14418,2019,,336,315,Sold,,,https://www.redfin.com/TX/Dallas/5707-Lindell-Ave-75206/unit-205/home/170508781,NTREIS,20513708,N,Y,32.8091982,-96.7682025
PAST SALE,May-7-2024,Condo/Co-op,5937 E University Blvd #130,Dallas,TX,75206,319999,2,2.0,Bella Gardens Condos,1118,145055,1964,,286,350,Sold,,,https://www.redfin.com/TX/Dallas/5937-E-University-Blvd-75206/unit-130/home/30729523,NTREIS,20586517,N,Y,32.8465553,-96.7642843
PAST SALE,April-29-2024,Condo/Co-op,12480 Abrams Rd #2803,Dallas,TX,75243,129900,1,1.0,Creekbend Condo Ph 01-06,727,,1982,,179,236,Sold,,,https://www.redfin.com/TX/Dallas/12480-Abrams-Rd-75243/unit-2803/home/31167871,NTREIS,20576243,N,Y,32.9175574,-96.7328995
PAST SALE,April-3-2024,Condo/Co-op,3918 Holland Ave #108,Dallas,TX,75219,405000,2,2.5,Holland Oaks Condos,1163,15987,1984,,348,300,Sold,,,https://www.redfin.com/TX/Dallas/3918-Holland-Ave-75219/unit-108/home/31172689,NTREIS,20551051,N,Y,32.8150528,-96.8050281
PAST SALE,May-23-2024,Condo/Co-op,1747 Leonard St #1701,Dallas,TX,75201,5395000,3,4.0,HALL Arts Residences,4597,,2020,,1174,5289,Sold,,,https://www.redfin.com/TX/Dallas/1747-Leonard-St-75201/unit-1701/home/177843960,NTREIS,20586261,N,Y,32.789661,-96.7969105
PAST SALE,April-19-2024,Condo/Co-op,4312 Mckinney Ave #2,Dallas,TX,75205,725000,2,2.5,Brighton Lofts South Condo,2187,35022,2001,,332,401,Sold,,,https://www.redfin.com/TX/Dallas/4312-McKinney-Ave-75205/unit-2/home/30731521,NTREIS,20564520,N,Y,32.8183468,-96.7893287
PAST SALE,October-15-2024,Condo/Co-op,427 W 10th St #203,Dallas,TX,75208,425000,2,2.5,BISHOP ARTS TENTH STREET CONDOMIN,1585,31537,2020,,268,370,Sold,,,https://www.redfin.com/TX/Dallas/427-W-10th-St-75208/unit-203/home/174893248,NTREIS,20725706,N,Y,32.7452271,-96.8297779
PAST SALE,January-22-2024,Condo/Co-op,1920 Caddo St #201,Dallas,TX,75204,629000,2,2.5,MAYO'S,1956,6098,2023,,322,250,Sold,,,https://www.redfin.com/TX/Dallas/1920-Caddo-St-75204/unit-201/home/184177901,NTREIS,20503138,N,Y,32.8008749,-96.7875209
PAST SALE,December-1-2023,Condo/Co-op,5100 Verde Valley Ln #209,Dallas,TX,75254,334000,2,2.0,Boardwalk On The Pkwy Condos,1154,276737,1982,,289,275,Sold,,,https://www.redfin.com/TX/Dallas/5100-Verde-Valley-Ln-75254/unit-209/home/31161109,NTREIS,20466203,N,Y,32.9483715,-96.8201233
PAST SALE,March-25-2024,Condo/Co-op,4330 Mckinney Ave #12,Dallas,TX,75205,625000,2,2.5,Brighton Lofts North Condo,2049,44997,2002,,305,450,Sold,,,https://www.redfin.com/TX/Dallas/4330-McKinney-Ave-75205/unit-12/home/30729148,NTREIS,20559547,N,Y,32.819017,-96.7891994
PAST SALE,September-9-2024,Condo/Co-op,4122 Avondale Ave #302,Dallas,TX,75219,489000,2,2.5,Avanti On Avondale Condo,1540,20517,2004,,318,502,Sold,,,https://www.redfin.com/TX/Dallas/4122-Avondale-Ave-75219/unit-302/home/30745393,NTREIS,20704750,N,Y,32.8171386,-96.8050062
PAST SALE,August-19-2024,Condo/Co-op,2415 Stutz Dr Unit A,Dallas,TX,75235,389000,2,2.5,Inwood Commons Condos,1740,17511,2005,,224,362,Sold,,,https://www.redfin.com/TX/Dallas/2415-Stutz-Dr-75235/unit-A/home/30764591,NTREIS,20679883,N,Y,32.8224803,-96.8393502
PAST SALE,June-7-2024,Condo/Co-op,3311 Blackburn #126,Dallas,TX,75204,269000,1,1.0,Colonade At Turtle Creek Condo,630,60113,1982,,427,285,Sold,,,https://www.redfin.com/TX/Dallas/3311-Blackburn-St-75204/unit-126/home/30745104,NTREIS,20614003,N,Y,32.8107364,-96.798482
PAST SALE,February-12-2024,Condo/Co-op,5111 Skillman St #127,Dallas,TX,75206,149900,1,1.0,Arbor Court Condo,728,35284,1970,,206,355,Sold,,,https://www.redfin.com/TX/Dallas/5111-Skillman-St-75206/unit-127/home/31160837,NTREIS,20521432,N,Y,32.849937,-96.7612757
PAST SALE,September-13-2024,Condo/Co-op,9254 Forest Ln #1002,Dallas,TX,75243,155000,2,1.0,Trinity Forest,912,241279,1983,,170,238,Sold,,,https://www.redfin.com/TX/Dallas/9254-Forest-Ln-75243/unit-1002/home/31188826,NTREIS,20704842,N,Y,32.9086875,-96.7409362
PAST SALE,February-27-2024,Condo/Co-op,5740 Martel Ave Unit B8,Dallas,TX,75206,244900,1,1.5,Ashton South Condos,781,45302,1983,,314,305,Sold,,,https://www.redfin.com/TX/Dallas/5740-Martel-Ave-75206/unit-B8/home/173715651,NTREIS,20522772,N,Y,32.8309543,-96.7685923
PAST SALE,December-20-2023,Condo/Co-op,14333 Preston Rd #1104,Dallas,TX,75254,310000,2,2.5,Preston On Lake Condo,1384,438126,1982,,224,434,Sold,,,https://www.redfin.com/TX/Dallas/14333-Preston-Rd-75254/unit-1104/home/31180554,NTREIS,20481567,N,Y,32.9447254,-96.805639
PAST SALE,June-17-2024,Condo/Co-op,4121 Mckinney Ave #40,Dallas,TX,75204,549000,3,3.0,Charleston Square Condos,1840,86249,2003,,298,475,Sold,,,https://www.redfin.com/TX/Dallas/4121-McKinney-Ave-75204/unit-40/home/30745112,NTREIS,20618699,N,Y,32.8151143,-96.7917123
PAST SALE,May-24-2024,Condo/Co-op,3400 Welborn St #427,Dallas,TX,75219,449000,2,2.0,Wyndemere Condo,1348,71569,1998,,333,955,Sold,,,https://www.redfin.com/TX/Dallas/3400-Welborn-St-75219/unit-427/home/32198804,NTREIS,20602114,N,Y,32.8103828,-96.8049944
PAST SALE,March-4-2024,Condo/Co-op,3430 Milton Ave #3,University Park,TX,75205,467900,2,2.5,Hursey Place Condo,1127,7405,1980,,415,175,Sold,,,https://www.redfin.com/TX/Dallas/3430-Milton-Ave-75205/unit-3/home/32071582,NTREIS,20532404,N,Y,32.8486158,-96.7888658
PAST SALE,June-24-2024,Condo/Co-op,6112 Averill Way Unit D,Dallas,TX,75225,385000,2,2.0,Averill House Condo,1309,50181,1958,,294,599,Sold,,,https://www.redfin.com/TX/Dallas/6112-Averill-Way-75225/unit-D/home/30873733,NTREIS,20621454,N,Y,32.8662858,-96.8022005
PAST SALE,December-1-2023,Condo/Co-op,3401 Binkley Ave Unit B,University Park,TX,75205,469000,2,2.5,Remington/Smu Condos,1130,66603,1985,,415,471,Sold,,,https://www.redfin.com/TX/Dallas/3401-Binkley-Ave-75205/unit-B/home/32239417,NTREIS,20468618,N,Y,32.840579,-96.7876111
PAST SALE,February-8-2024,Condo/Co-op,4030 Lafayette St #104,Dallas,TX,75204,485000,2,2.5,4030 Lafayette Condo,1315,,2021,,369,325,Sold,,,https://www.redfin.com/TX/Dallas/4030-Lafayette-St-75204/unit-104/home/182762815,NTREIS,20507843,N,Y,32.8018661,-96.7872734
PAST SALE,February-12-2024,Condo/Co-op,3918 Holland Ave #204,Dallas,TX,75219,388000,2,2.5,Holland Oaks Condo,1163,15987,1984,,334,300,Sold,,,https://www.redfin.com/TX/Dallas/3918-Holland-Ave-75219/unit-204/home/31172690,NTREIS,20516553,N,Y,32.8150528,-96.8050281
PAST SALE,September-16-2024,Condo/Co-op,4608 Abbott Ave #102,Highland Park,TX,75205,1950000,3,3.5,Highland Gates On Katy Trail Condo,2418,54755,2007,,806,859,Sold,,,https://www.redfin.com/TX/Dallas/4608-Abbott-Ave-75205/unit-102/home/30791452,NTREIS,20701802,N,Y,32.8246393,-96.7911923
PAST SALE,May-13-2024,Condo/Co-op,6029 E University Blvd #110,Dallas,TX,75206,270000,2,1.5,La Fontaine Condo,1350,174153,1964,,200,423,Sold,,,https://www.redfin.com/TX/Dallas/6029-E-University-Blvd-75206/unit-110/home/30867730,NTREIS,20607870,N,Y,32.8467855,-96.761716
PAST SALE,April-15-2024,Condo/Co-op,4008 Holland Ave Unit A,Dallas,TX,75219,350000,2,2.5,Timberline Condo Ph 01,1260,8015,1978,,278,350,Sold,,,https://www.redfin.com/TX/Dallas/4008-Holland-Ave-75219/unit-A/home/30799873,NTREIS,20544368,N,Y,32.8158495,-96.8059326
PAST SALE,November-27-2023,Condo/Co-op,3210 Carlisle St #14,Dallas,TX,75204,585000,2,2.5,The Vine Condominium,2041,,2006,,287,450,Sold,,,https://www.redfin.com/TX/Dallas/3210-Carlisle-St-75204/unit-14/home/30783856,NTREIS,20464847,N,Y,32.8042867,-96.8021794
PAST SALE,June-28-2024,Condo/Co-op,2506 Wedglea Dr #909,Dallas,TX,75211,195000,1,1.0,Wedglea Creek Condos Ph 01-02,747,91171,1985,,261,214,Sold,,,https://www.redfin.com/TX/Dallas/2506-Wedglea-Dr-75211/unit-909/home/31190491,NTREIS,20628570,N,Y,32.7560374,-96.8619286
PAST SALE,April-22-2024,Condo/Co-op,2305 Worthington St #111,Dallas,TX,75204,474500,3,2.0,Belvedere Condos,1528,72545,1999,,311,756,Sold,,,https://www.redfin.com/TX/Dallas/2305-Worthington-St-75204/unit-111/home/32218202,NTREIS,20545812,N,Y,32.7958743,-96.7994495
PAST SALE,April-30-2024,Condo/Co-op,5927 E University Blvd #118,Dallas,TX,75206,295000,2,2.0,Bella Gardens Condos,1153,145055,1964,,256,405,Sold,,,https://www.redfin.com/TX/Dallas/5927-E-University-Blvd-75206/unit-118/home/30729533,NTREIS,20578392,N,Y,32.8463342,-96.7644801
PAST SALE,May-22-2024,Condo/Co-op,3225 Turtle Creek Blvd #717,Dallas,TX,75219,500000,2,2.0,Renaissance On Turtle Creek Condo,1240,154028,1998,,403,1012,Sold,,,https://www.redfin.com/TX/Dallas/3225-Turtle-Creek-Blvd-75219/unit-717/home/30746346,NTREIS,20609368,N,Y,32.8067871,-96.8040414
PAST SALE,August-29-2024,Condo/Co-op,4307 Gilbert Ave #104,Dallas,TX,75219,429000,2,2.5,Gilbert Oaks Condo,1142,24002,1984,,376,350,Sold,,,https://www.redfin.com/TX/Dallas/4307-Gilbert-Ave-75219/unit-104/home/32199274,NTREIS,20679381,N,Y,32.8191231,-96.8090172
PAST SALE,March-29-2024,Condo/Co-op,438 Yacht Club Dr Unit C,Rockwall,TX,75032,189000,1,1.0,Cutter Hill #2,892,1481,1990,,212,299,Sold,,,https://www.redfin.com/TX/Rockwall/438-Yacht-Club-Dr-75032/unit-C/home/33903555,NTREIS,20530139,N,Y,32.8776952,-96.4834237
PAST SALE,March-29-2024,Condo/Co-op,2703 Kimsey Dr #104,Dallas,TX,75235,548000,2,2.5,Kimsey Place PH I,2347,7492,2018,,233,300,Sold,,,https://www.redfin.com/TX/Dallas/2703-Kimsey-Dr-75235/unit-104/home/177844156,NTREIS,20552974,N,Y,32.8249733,-96.8372989
PAST SALE,July-15-2024,Condo/Co-op,4131 Wycliff Ave #2,Dallas,TX,75219,375000,2,1.5,Heidelberg Court Condos 01 & 02,1056,14331,1983,,355,275,Sold,,,https://www.redfin.com/TX/Dallas/4131-Wycliff-Ave-75219/unit-2/home/31171095,NTREIS,20619516,N,Y,32.819907,-96.8056496
PAST SALE,December-29-2023,Condo/Co-op,6108 Abrams Rd #220,Dallas,TX,75231,170000,2,1.0,Sable Ridge Condos Ph 01-06,702,187264,2023,,242,318,Sold,,,https://www.redfin.com/TX/Dallas/6108-Abrams-Rd-75231/unit-220/home/31184760,NTREIS,20482985,N,Y,32.8581588,-96.7472355
PAST SALE,May-20-2024,Condo/Co-op,4111 Newton Ave #7,Dallas,TX,75219,625000,2,2.5,Twnhms 4111,1842,73399,2007,,339,429,Sold,,,https://www.redfin.com/TX/Dallas/4111-Newton-Ave-75219/unit-7/home/32375305,NTREIS,20583131,N,Y,32.8189953,-96.8066148
PAST SALE,May-6-2024,Condo/Co-op,6100 Hudson St #5,Dallas,TX,75206,519900,2,2.5,Hudson Condominiums,1610,15115,2016,,323,228,Sold,,,https://www.redfin.com/TX/Dallas/6100-Hudson-St-75206/unit-5/home/147236072,NTREIS,20578726,N,Y,32.8106766,-96.7645181
PAST SALE,March-29-2024,Condo/Co-op,5881 Preston View Blvd #204,Dallas,TX,75240,220000,2,1.0,Preston Hills Condos,944,266936,1968,,233,425,Sold,,,https://www.redfin.com/TX/Dallas/5881-Preston-View-Blvd-75240/unit-204/home/31130460,NTREIS,20539034,N,Y,32.9355984,-96.8062009
PAST SALE,April-30-2024,Condo/Co-op,18040 Midway Rd #171,Dallas,TX,75287,255000,2,2.0,Midway Villas,1194,,1984,,214,367,Sold,,,https://www.redfin.com/TX/Dallas/18040-Midway-Rd-75287/unit-171/home/31996743,NTREIS,20582149,N,Y,32.995504,-96.8422394
PAST SALE,July-26-2024,Condo/Co-op,9254 Forest Ln #302,Dallas,TX,75243,114900,1,1.0,Trinity Forest Condo,748,,1982,,154,195,Sold,,,https://www.redfin.com/TX/Dallas/9254-Forest-Ln-75243/unit-302/home/31188920,NTREIS,20661388,N,Y,32.9086875,-96.7409362
PAST SALE,February-22-2024,Condo/Co-op,1854 Euclid Ave #105,Dallas,TX,75206,570000,2,2.5,1854 Euclid Condo,1438,7492,2017,,396,175,Sold,,,https://www.redfin.com/TX/Dallas/1854-Euclid-Ave-75206/unit-105/home/169393469,NTREIS,20514408,N,Y,32.8130454,-96.7733524
PAST SALE,December-28-2023,Condo/Co-op,3407 Binkley Ave Unit A,University Park,TX,75205,424990,2,2.5,Remington Smu Condos,1053,66603,1985,,404,440,Sold,,,https://www.redfin.com/TX/Dallas/3407-Binkley-Ave-75205/unit-A/home/32239408,NTREIS,20485960,N,Y,32.8404994,-96.7879353
PAST SALE,June-19-2024,Condo/Co-op,5055 Addison Cir #408,Addison,TX,75001,410000,2,2.0,Aventura Condos,1699,,2000,,241,645,Sold,,,https://www.redfin.com/TX/Addison/5055-Addison-Cir-75001/unit-408/home/32253601,NTREIS,20628513,N,Y,32.9624688,-96.8235494
PAST SALE,May-6-2024,Condo/Co-op,4030 Gilbert Ave #10,Dallas,TX,75219,549900,2,2.5,Sunscape 02 Condos,2508,20255,1983,,219,375,Sold,,,https://www.redfin.com/TX/Dallas/4030-Gilbert-Ave-75219/unit-10/home/31187526,NTREIS,20585604,N,Y,32.8170674,-96.8056998
PAST SALE,April-22-2024,Condo/Co-op,2908 Raleigh St #201,Dallas,TX,75219,695000,3,3.5,2908 Raleigh Condo,2338,9148,2020,,297,360,Sold,,,https://www.redfin.com/TX/Dallas/2908-Raleigh-St-75219/unit-201/home/177844426,NTREIS,20564863,N,Y,32.8163647,-96.820332
PAST SALE,July-26-2024,Condo/Co-op,6353 Diamond Head Cir Unit B,Dallas,TX,75225,285000,2,2.0,Diamond Head,1506,91520,1961,,189,678,Sold,,,https://www.redfin.com/TX/Dallas/6353-Diamond-Head-Cir-75225/unit-B/home/30873602,NTREIS,20645699,N,Y,32.8665019,-96.7973184
PAST SALE,June-10-2024,Condo/Co-op,5335 Bent Tree Forest Dr #174,Dallas,TX,75248,225000,2,2.0,Bent Tree Forest Drive Condos,1137,381847,1981,,198,373,Sold,,,https://www.redfin.com/TX/Dallas/5335-Bent-Tree-Forest-Dr-75248/unit-174/home/31132123,NTREIS,20611911,N,Y,32.9659803,-96.8166967
PAST SALE,March-20-2024,Condo/Co-op,14400 Montfort Dr #1201,Dallas,TX,75254,255000,2,2.5,Monfort Twnhms,1089,198677,1983,,234,372,Sold,,,https://www.redfin.com/TX/Dallas/14400-Montfort-Dr-75254/unit-1201/home/32219930,NTREIS,20528500,N,Y,32.9456337,-96.8141623
PAST SALE,April-24-2024,Condo/Co-op,3727 Gilbert Ave Unit E,Dallas,TX,75219,585000,2,2.5,Gilbert Condo 3727,1675,7971,1973,,349,433,Sold,,,https://www.redfin.com/TX/Dallas/3727-Gilbert-Ave-75219/unit-E/home/30794979,NTREIS,20581828,N,Y,32.8134286,-96.8027297
PAST SALE,May-2-2024,Condo/Co-op,3901 Travis St #216,Dallas,TX,75204,295000,1,1.0,Parks On Travis Condos,872,54014,1985,,338,298,Sold,,,https://www.redfin.com/TX/Dallas/3901-Travis-St-75204/unit-216/home/30745732,NTREIS,20590424,N,Y,32.811863,-96.796921
PAST SALE,August-12-2024,Condo/Co-op,18040 Midway Rd #129,Dallas,TX,75287,280000,2,2.0,Midway Villas,1194,,1984,,235,433,Sold,,,https://www.redfin.com/TX/Dallas/18040-Midway-Rd-75287/unit-129/home/31996665,NTREIS,20683758,N,Y,32.995504,-96.8422394
PAST SALE,May-24-2024,Condo/Co-op,15539 Preston Rd #1037,Dallas,TX,75248,400000,5,5.0,Preston 39 Villas,3000,265106,1974,,133,817,Sold,,,https://www.redfin.com/TX/Dallas/15539-Preston-Rd-75248/unit-1037/home/31088180,NTREIS,20566947,N,Y,32.9592828,-96.8063359
PAST SALE,May-2-2024,Condo/Co-op,3110 Ross Ave #2,Dallas,TX,75204,540000,2,2.5,Veranda,1768,40598,2006,,305,137,Sold,,,https://www.redfin.com/TX/Dallas/3110-Ross-Ave-75204/unit-2/home/30776587,NTREIS,20569137,N,Y,32.7934838,-96.7908543
PAST SALE,March-6-2024,Condo/Co-op,4116 Cole Ave #306,Dallas,TX,75204,355000,2,1.5,Studio Condo 11,1055,46871,1983,,336,188,Sold,,,https://www.redfin.com/TX/Dallas/4116-Cole-Ave-75204/unit-306/home/31187557,NTREIS,20524139,N,Y,32.81507,-96.7927474
PAST SALE,August-5-2024,Condo/Co-op,6067 Milton St #134,Dallas,TX,75206,207500,2,2.0,Arbor Court Condo,955,35284,1970,,217,466,Sold,,,https://www.redfin.com/TX/Dallas/6067-Milton-St-75206/unit-134/home/31160827,NTREIS,20675484,N,Y,32.8494,-96.761712
PAST SALE,August-12-2024,Condo/Co-op,5616 Preston Oaks Rd #1605,Dallas,TX,75254,220000,1,1.0,Oaks On Montfort Ph 02 03 & 04,844,301958,1982,,261,307,Sold,,,https://www.redfin.com/TX/Dallas/5616-Preston-Oaks-Rd-75254/unit-1605/home/31130563,NTREIS,20649570,N,Y,32.9425883,-96.8129924
PAST SALE,May-31-2024,Condo/Co-op,5914 Lewis St Unit C,Dallas,TX,75206,549999,2,2.5,Lakewood Place Condos,1631,11238,2000,,337,250,Sold,,,https://www.redfin.com/TX/Dallas/5914-Lewis-St-75206/unit-C/home/32251828,NTREIS,20604307,N,Y,32.8118614,-96.7663415
PAST SALE,November-8-2024,Condo/Co-op,3949 Buena Vista St Unit E,Dallas,TX,75204,469000,2,2.5,Bristle Cone Twnhs Condos,1053,95222,1980,,445,435,Sold,,,https://www.redfin.com/TX/Dallas/3949-Buena-Vista-St-75204/unit-E/home/30798983,NTREIS,20753866,N,Y,32.8130263,-96.7974261
PAST SALE,November-7-2024,Condo/Co-op,3419 Lovers Ln,University Park,TX,75225,1090000,3,4.0,Plaza Court Condo,2609,15246,2001,,418,400,Sold,,,https://www.redfin.com/TX/Dallas/3419-Lovers-Ln-75225/home/35556182,NTREIS,20736780,N,Y,32.8509327,-96.7887115
PAST SALE,July-17-2024,Condo/Co-op,1915 Summit Ave #4,Dallas,TX,75206,625000,3,3.0,Alta Summit Townhomes,1936,38246,2015,,323,292,Sold,,,https://www.redfin.com/TX/Dallas/1915-Summit-Ave-75206/unit-4/home/143838346,NTREIS,20623477,N,Y,32.8139129,-96.7724324
PAST SALE,June-5-2024,Condo/Co-op,3311 Blackburn St #117,Dallas,TX,75204,350000,2,1.0,Colonade At Turtle Creek Condo,866,60113,1982,,404,285,Sold,,,https://www.redfin.com/TX/Dallas/3311-Blackburn-St-75204/unit-117/home/30738401,NTREIS,20604313,N,Y,32.8107364,-96.798482
PAST SALE,December-5-2023,Condo/Co-op,6359 Bandera Ave Unit 1A,Dallas,TX,75225,325000,2,2.0,Villa Capri Condo,1290,21249,1957,,252,402,Sold,,,https://www.redfin.com/TX/Dallas/6359-Bandera-Ave-75225/unit-1A/home/31188991,NTREIS,20471460,N,Y,32.8677189,-96.7959134
PAST SALE,May-30-2024,Condo/Co-op,2305 Worthington St #215,Dallas,TX,75204,495000,2,2.0,Belvedere Condos,1295,72527,1999,,382,641,Sold,,,https://www.redfin.com/TX/Dallas/2305-Worthington-St-75204/unit-215/home/32218164,NTREIS,20597956,N,Y,32.7958743,-96.7994495
PAST SALE,November-18-2024,Condo/Co-op,4011 Cole Ave #115,Dallas,TX,75204,300000,2,1.5,Central Park Condo,896,50094,1963,,335,444,Sold,,,https://www.redfin.com/TX/Dallas/4011-Cole-Ave-75204/unit-115/home/30799140,NTREIS,20741361,N,Y,32.8129636,-96.7946795
PAST SALE,May-10-2024,Condo/Co-op,4017 Buena Vista St #122,Dallas,TX,75204,400000,2,1.5,Buena Vista Condo Ph 02 4017,990,20996,1980,,404,268,Sold,,,https://www.redfin.com/TX/Dallas/4017-Buena-Vista-St-75204/unit-122/home/30798922,NTREIS,20588137,N,Y,32.8136875,-96.7971145
PAST SALE,September-10-2024,Condo/Co-op,3225 Turtle Creek Blvd #1642,Dallas,TX,75219,309000,1,1.0,Renaissance On Turtle Creek Condo,816,154028,1998,,379,670,Sold,,,https://www.redfin.com/TX/Dallas/3225-Turtle-Creek-Blvd-75219/unit-1642/home/30746157,NTREIS,20693362,N,Y,32.8067871,-96.8040414
PAST SALE,March-29-2024,Condo/Co-op,3400 Welborn St #218,Dallas,TX,75219,299000,1,1.0,Wyndmere Condos,758,71569,1998,,394,538,Sold,,,https://www.redfin.com/TX/Dallas/3400-Welborn-St-75219/unit-218/home/32198823,NTREIS,20560269,N,Y,32.8103828,-96.8049944
PAST SALE,November-19-2024,Condo/Co-op,3923 Cole Ave #301,Dallas,TX,75204,850000,2,2.0,3923 COLE AVENUE CONDOMINIUMS,1958,14244,2018,,434,526,Sold,,,https://www.redfin.com/TX/Dallas/3923-Cole-Ave-75204/unit-301/home/147236047,NTREIS,20680691,N,Y,32.8117782,-96.7954369
PAST SALE,March-1-2024,Condo/Co-op,4310 Buena Vista St #21,Dallas,TX,75205,650000,2,2.5,Morrison Condos,1707,56628,2000,,381,373,Sold,,,https://www.redfin.com/TX/Dallas/4310-Buena-Vista-St-75205/unit-21/home/32253483,NTREIS,20512517,N,Y,32.8198665,-96.7931088
PAST SALE,June-18-2024,Condo/Co-op,1200 Main St #1103,Dallas,TX,75202,259000,1,1.0,Metropolitan,757,44997,1974,,342,447,Sold,,,https://www.redfin.com/TX/Dallas/1200-Main-St-75202/unit-1103/home/30776246,NTREIS,20614722,N,Y,32.7798782,-96.8014745
PAST SALE,February-2-2024,Condo/Co-op,1001 Belleview St #703,Dallas,TX,75215,350000,2,2.0,Beat At The South Side Station,1127,41077,2007,,311,580,Sold,,,https://www.redfin.com/TX/Dallas/1001-Belleview-St-75215/unit-703/home/30788546,NTREIS,20495139,N,Y,32.7690723,-96.7948845
PAST SALE,March-7-2024,Condo/Co-op,4411 Mckinney Ave #35,Dallas,TX,75205,639900,2,2.5,Grammercy Place Condos,2012,65166,2001,,318,420,Sold,,,https://www.redfin.com/TX/Dallas/4411-McKinney-Ave-75205/unit-35/home/30731526,NTREIS,20535517,N,Y,32.8198585,-96.7894407
PAST SALE,July-30-2024,Condo/Co-op,4307 Mckinney Ave #6,Dallas,TX,75205,530000,2,2.5,Amherst Condos,1704,9017,2002,,311,475,Sold,,,https://www.redfin.com/TX/Dallas/4307-McKinney-Ave-75205/unit-6/home/30738816,NTREIS,20648910,N,Y,32.8184081,-96.7903147
PAST SALE,February-2-2024,Condo/Co-op,5081 Gaston Ave #702,Dallas,TX,75214,490000,2,2.5,Dallas,1618,,2018,,303,302,Sold,,,https://www.redfin.com/TX/Dallas/5081-Gaston-Ave-75214/unit-702/home/148037492,NTREIS,20502006,N,Y,32.8025128,-96.7669093
PAST SALE,December-18-2023,Condo/Co-op,3225 Turtle Creek Blvd #1507,Dallas,TX,75219,439000,2,2.0,Renaissance On Turtle Creek Condo,1162,154028,1998,,378,948,Sold,,,https://www.redfin.com/TX/Dallas/3225-Turtle-Creek-Blvd-75219/unit-1507/home/30729269,NTREIS,20484330,N,Y,32.8067871,-96.8040414
PAST SALE,July-24-2024,Condo/Co-op,5200 Martel Ave Unit 16B,Dallas,TX,75206,300000,2,2.0,Monticello Crossroads Condo Ph 01-03,1083,261752,1983,,277,477,Sold,,,https://www.redfin.com/TX/Dallas/5200-Martel-Ave-75206/unit-16B/home/31175852,NTREIS,20655518,N,Y,32.8312399,-96.7798232
PAST SALE,August-23-2024,Condo/Co-op,17715 Windflower Way #108,Dallas,TX,75252,389900,2,2.5,Preston Village Add,1539,,1985,,253,302,Sold,,,https://www.redfin.com/TX/Dallas/17715-Windflower-Way-75252/unit-108/home/32040676,NTREIS,20690201,N,Y,32.9942404,-96.8034153
PAST SALE,September-4-2024,Condo/Co-op,2111 Bennett Ave #10,Dallas,TX,75206,529500,2,2.5,The Block on Bennett,1799,35981,2016,,294,260,Sold,,,https://www.redfin.com/TX/Dallas/2111-Bennett-Ave-75206/unit-10/home/134138644,NTREIS,20696579,N,Y,32.8104179,-96.7796701
PAST SALE,June-18-2024,Condo/Co-op,6211 W Northwest Hwy #1801,Dallas,TX,75225,625000,2,2.5,Preston Tower Condominiums,1673,185522,1966,,374,1790,Sold,,,https://www.redfin.com/TX/Dallas/6211-W-Northwest-Hwy-75225/unit-1801/home/30874199,NTREIS,20602066,N,Y,32.8662169,-96.800016
PAST SALE,October-4-2024,Condo/Co-op,3505 Turtle Creek Blvd Unit 3E,Dallas,TX,75219,1295000,2,3.5,Vendome Turtle Crk Condo,1895,90997,2000,,683,1563,Sold,,,https://www.redfin.com/TX/Dallas/3505-Turtle-Creek-Blvd-75219/unit-3E/home/30729206,NTREIS,20726966,N,Y,32.8104426,-96.8030289
PAST SALE,February-2-2024,Condo/Co-op,9600 Royal Ln #212,Dallas,TX,75243,150000,2,1.0,Trinity Royal Condos,914,157034,1983,,164,280,Sold,,,https://www.redfin.com/TX/Dallas/9600-Royal-Ln-75243/unit-212/home/31189134,NTREIS,20509246,N,Y,32.8922549,-96.7374094
PAST SALE,December-8-2023,Condo/Co-op,5100 Verde Valley Ln #271,Dallas,TX,75254,250000,2,2.0,Boardwalk On The Pkwy Condos,1154,276737,1982,,217,275,Sold,,,https://www.redfin.com/TX/Dallas/5100-Verde-Valley-Ln-75254/unit-271/home/31162526,NTREIS,20473551,N,Y,32.9483715,-96.8201233
PAST SALE,January-31-2024,Condo/Co-op,15151 Berry Trl #1204,Dallas,TX,75248,205000,2,2.0,Preston Bend Village Condos,966,220806,1980,,212,283,Sold,,,https://www.redfin.com/TX/Dallas/15151-Berry-Trl-75248/unit-1204/home/31076808,NTREIS,20506107,N,Y,32.9539243,-96.8003597
PAST SALE,March-15-2024,Condo/Co-op,4044 Buena Vista St #216,Dallas,TX,75204,295000,2,2.0,Buena Vista Condo 4044,1095,37505,1972,,269,350,Sold,,,https://www.redfin.com/TX/Dallas/4044-Buena-Vista-St-75204/unit-216/home/30798843,NTREIS,20496345,N,Y,32.8144754,-96.7958795
PAST SALE,September-24-2024,Condo/Co-op,4121 Mckinney Ave #39,Dallas,TX,75204,549900,2,2.5,Charleston Square Condo,1880,86249,2003,,293,475,Sold,,,https://www.redfin.com/TX/Dallas/4121-McKinney-Ave-75204/unit-39/home/30745113,NTREIS,20712076,N,Y,32.8151143,-96.7917123
PAST SALE,March-11-2024,Condo/Co-op,18040 Midway Rd #103,Dallas,TX,75287,280000,2,2.0,Midway Villas,1194,,1984,,235,366,Sold,,,https://www.redfin.com/TX/Dallas/18040-Midway-Rd-75287/unit-103/home/31996696,NTREIS,20536320,N,Y,32.995504,-96.8422394
PAST SALE,November-30-2023,Condo/Co-op,14151 Montfort Dr #213,Dallas,TX,75254,269900,2,2.0,Lifescape Villas On Montfort Ph 01,1323,463130,1981,,204,373,Sold,,,https://www.redfin.com/TX/Dallas/14151-Montfort-Dr-75254/unit-213/home/31129230,NTREIS,20465076,N,Y,32.941501,-96.8145537
PAST SALE,February-15-2024,Condo/Co-op,1200 Main St #2110,Dallas,TX,75202,395000,2,2.0,Metropolitan 1200 Main St Condo,1103,44997,1974,,358,781,Sold,,,https://www.redfin.com/TX/Dallas/1200-Main-St-75202/unit-2110/home/30776375,NTREIS,20509751,N,Y,32.7798782,-96.8014745
PAST SALE,April-12-2024,Condo/Co-op,7151 Gaston Ave #911,Dallas,TX,75214,300000,2,2.5,Oaks Of Lakewood Condo,1105,195497,1983,,271,420,Sold,,,https://www.redfin.com/TX/Dallas/7151-Gaston-Ave-75214/unit-911/home/31177620,NTREIS,20545388,N,Y,32.8121915,-96.7309256
PAST SALE,November-21-2024,Condo/Co-op,4706 Virginia Ave #2,Dallas,TX,75204,479000,2,2.5,Virginia Ave Condos Bldg B,1722,15202,2018,,278,304,Sold,,,https://www.redfin.com/TX/Dallas/4706-Virginia-Ave-75204/unit-2/home/170175649,NTREIS,20748996,N,Y,32.8033157,-96.7754214
PAST SALE,June-28-2024,Condo/Co-op,6108 Abrams Rd #230,Dallas,TX,75231,170000,2,1.0,Sable Ridge Condos Ph 01-06,702,187264,2023,,242,318,Sold,,,https://www.redfin.com/TX/Dallas/6108-Abrams-Rd-75231/unit-230/home/31184753,NTREIS,20613062,N,Y,32.8581588,-96.7472355
PAST SALE,June-28-2024,Condo/Co-op,5617 Bryan Pkwy #5,Dallas,TX,75206,400000,2,2.5,Versaille Condo,1236,7100,2005,,324,275,Sold,,,https://www.redfin.com/TX/Dallas/5617-Bryan-Pkwy-75206/unit-5/home/30783848,NTREIS,20626964,N,Y,32.8081011,-96.7687214
PAST SALE,July-31-2024,Condo/Co-op,2885 Woodside St #304,Dallas,TX,75204,600000,2,2.5,Manor At State-Thomas,1714,31537,2000,,350,623,Sold,,,https://www.redfin.com/TX/Dallas/2885-Woodside-St-75204/unit-304/home/30775831,NTREIS,20617703,N,Y,32.7985566,-96.7998212
PAST SALE,August-22-2024,Condo/Co-op,5914 Hudson St #5,Dallas,TX,75206,475000,2,2.5,5914 Hudson Condos,1820,9714,2008,,261,367,Sold,,,https://www.redfin.com/TX/Dallas/5914-Hudson-St-75206/unit-5/home/32396219,NTREIS,20672658,N,Y,32.8096921,-96.766279
PAST SALE,August-26-2024,Condo/Co-op,5200 Martel Ave Unit 16A,Dallas,TX,75206,259000,2,1.5,Monticello Crossroads Condo Ph 01-03,920,261752,1983,,282,405,Sold,,,https://www.redfin.com/TX/Dallas/5200-Martel-Ave-75206/unit-16A/home/31175853,NTREIS,20691453,N,Y,32.8312399,-96.7798232
PAST SALE,January-17-2024,Condo/Co-op,3535 Gillespie St #307,Dallas,TX,75219,950000,2,2.5,Plaza At Turtle Creek Residence Ph,2171,136473,2000,,438,1954,Sold,,,https://www.redfin.com/TX/Dallas/3535-Gillespie-St-75219/unit-307/home/32259906,NTREIS,20476486,N,Y,32.8052281,-96.8083162
PAST SALE,May-7-2024,Condo/Co-op,831 Dublin Dr #2,Richardson,TX,75080,243500,2,2.5,Waterfall Crossing Condo,1114,427324,1980,,219,359,Sold,,,https://www.redfin.com/TX/Richardson/831-Dublin-Dr-75080/unit-2/home/31985402,NTREIS,20574143,N,Y,32.9437719,-96.7627005
PAST SALE,February-27-2024,Condo/Co-op,4122 Avondale Ave #201,Dallas,TX,75219,300000,2,2.0,Avanti On Avondale Condo,1305,,2004,,230,426,Sold,,,https://www.redfin.com/TX/Dallas/4122-Avondale-Ave-75219/unit-201/home/30745355,NTREIS,20499616,N,Y,32.8171386,-96.8050062
PAST SALE,May-22-2024,Condo/Co-op,5919 Hillcrest Ave #7,University Park,TX,75205,798000,3,2.5,Shenandoah Place Condo,1795,31189,1980,,445,909,Sold,,,https://www.redfin.com/TX/Dallas/5919-Hillcrest-Ave-75205/unit-7/home/32097387,NTREIS,20594498,N,Y,32.8389119,-96.7874555
PAST SALE,April-16-2024,Condo/Co-op,15751 Seabolt #48,Addison,TX,75001,425000,2,2.5,Townhomes - District A,1719,262623,2005,,247,400,Sold,,,https://www.redfin.com/TX/Addison/15751-Seabolt-75001/unit-48/home/30765713,NTREIS,20577985,N,Y,32.9632862,-96.8248582
PAST SALE,March-4-2024,Condo/Co-op,4933 E Skillman St #146,Dallas,TX,75206,285000,2,2.5,Danbury Condo,1231,259792,1970,,232,588,Sold,,,https://www.redfin.com/TX/Dallas/4933-Skillman-St-75206/unit-146/home/30867592,NTREIS,20516552,N,Y,32.847772,-96.7616435
PAST SALE,May-10-2024,Condo/Co-op,5335 Bent Tree Forest Dr #264,Dallas,TX,75248,145000,1,1.0,Bent Tree Forest Drive Condos,678,,1981,,214,224,Sold,,,https://www.redfin.com/TX/Dallas/5335-Bent-Tree-Forest-Dr-75248/unit-264/home/31132140,NTREIS,20569955,N,Y,32.9659803,-96.8166967
PAST SALE,July-5-2024,Condo/Co-op,3918 Holland Ave Unit 104B,Dallas,TX,75219,405000,2,2.5,Holland Oaks Condo,1163,,1984,,348,300,Sold,,,https://www.redfin.com/TX/Dallas/3918-Holland-Ave-75219/unit-104B/home/191056105,NTREIS,20635557,N,Y,32.8150528,-96.8050281
PAST SALE,July-5-2024,Condo/Co-op,4020 Holland Ave #203,Dallas,TX,75219,189000,1,1.0,One Holland Place Condos,685,24002,1970,,276,339,Sold,,,https://www.redfin.com/TX/Dallas/4020-Holland-Ave-75219/unit-203/home/30799984,NTREIS,20632226,N,Y,32.8159743,-96.8061414
PAST SALE,May-29-2024,Condo/Co-op,5619 Preston Oaks Rd #202,Dallas,TX,75254,275000,2,2.5,Oaks Of Preston Ridge Condo,1103,99099,1983,,249,363,Sold,,,https://www.redfin.com/TX/Dallas/5619-Preston-Oaks-Rd-75254/unit-202/home/31177626,NTREIS,20603615,N,Y,32.9441035,-96.8096823
PAST SALE,September-6-2024,Condo/Co-op,1818 N Fitzhugh Ave #6,Dallas,TX,75204,199900,1,1.0,1818 Fitzhugh Condo,633,16553,1984,,316,217,Sold,,,https://www.redfin.com/TX/Dallas/1818-N-Fitzhugh-Ave-75204/unit-6/home/31169677,NTREIS,20685114,N,Y,32.8078776,-96.7777149
PAST SALE,January-17-2024,Condo/Co-op,5626 Preston Oaks Rd Unit 42C,Dallas,TX,75254,249999,2,2.5,Preston Oaks Crossing Condos 01 & 02,1135,1133,1981,,220,404,Sold,,,https://www.redfin.com/TX/Dallas/5626-Preston-Oaks-Rd-75254/unit-42C/home/31131844,NTREIS,20499885,N,Y,32.9428431,-96.8105609
PAST SALE,February-28-2024,Condo/Co-op,5934 Sandhurst Ln #108,Dallas,TX,75206,365000,2,2.0,Tuscany Condos,1080,203643,1967,,338,358,Sold,,,https://www.redfin.com/TX/Dallas/5934-Sandhurst-Ln-75206/unit-108/home/30746848,NTREIS,20528564,N,Y,32.8440883,-96.7632702
PAST SALE,July-15-2024,Condo/Co-op,5616 Preston Oaks Rd #404,Dallas,TX,75254,247000,2,2.0,Oaks On Montfort Condos,1045,301958,1981,,236,382,Sold,,,https://www.redfin.com/TX/Dallas/5616-Preston-Oaks-Rd-75254/unit-404/home/31130715,NTREIS,20626432,N,Y,32.9425883,-96.8129924
PAST SALE,July-15-2024,Condo/Co-op,4100 Travis St #14,Dallas,TX,75204,625000,2,3.0,Travis Street Condos 4100,2060,34369,1999,,303,452,Sold,,,https://www.redfin.com/TX/Dallas/4100-Travis-St-75204/unit-14/home/32253581,NTREIS,20639037,N,Y,32.8151015,-96.7946546
PAST SALE,October-25-2024,Condo/Co-op,3606 Routh St Unit B,Dallas,TX,75219,275000,1,1.0,Routh Street Condo 3606,720,6490,1981,,382,200,Sold,,,https://www.redfin.com/TX/Dallas/3606-Routh-St-75219/unit-B/home/31125278,NTREIS,20734246,N,Y,32.8042734,-96.8111827
PAST SALE,October-1-2024,Condo/Co-op,2312 Annex Ave #105,Dallas,TX,75204,535000,2,2.5,Elk Hill,1646,7667,2024,,325,284,Sold,,,https://www.redfin.com/TX/Dallas/2312-Annex-Ave-75204/unit-105/home/192322124,NTREIS,20718465,N,Y,32.8083715,-96.7837882
PAST SALE,March-13-2024,Condo/Co-op,3225 Turtle Creek Blvd #1134,Dallas,TX,75219,325000,1,1.0,The Renaissance on Turtle Creek,816,154028,1998,,398,665,Sold,,,https://www.redfin.com/TX/Dallas/3225-Turtle-Creek-Blvd-75219/unit-1134/home/30746481,NTREIS,20536810,N,Y,32.8067871,-96.8040414
PAST SALE,May-23-2024,Condo/Co-op,6646 E Lovers Ln #408,Dallas,TX,75214,141999,1,1.0,Oaks On The Lane Condo Ph 01,749,219020,1979,,190,339,Sold,,,https://www.redfin.com/TX/Dallas/6646-E-Lovers-Ln-75214/unit-408/home/30870454,NTREIS,20613381,N,Y,32.8553346,-96.7451018
PAST SALE,December-1-2023,Condo/Co-op,2317 Moser Ave #106,Dallas,TX,75206,589000,2,2.5,2317 MOSER CONDO,1659,8494,2019,,355,300,Sold,,,https://www.redfin.com/TX/Dallas/2317-Moser-Ave-75206/unit-106/home/30808897,NTREIS,20452956,N,Y,32.8134751,-96.7793455
PAST SALE,May-23-2024,Condo/Co-op,4520 Holland Ave #108,Dallas,TX,75219,174900,1,1.0,LA ESCONDIDA CONDOMINIUM,502,15987,1972,,348,276,Sold,,,https://www.redfin.com/TX/Dallas/4520-Holland-Ave-75219/unit-108/home/30809693,NTREIS,20603387,N,Y,32.821393,-96.8123905
PAST SALE,May-31-2024,Condo/Co-op,4121 Mckinney Ave #45,Dallas,TX,75204,575000,2,2.5,Charleston Square Condo,1953,86249,2003,,294,475,Sold,,,https://www.redfin.com/TX/Dallas/4121-McKinney-Ave-75204/unit-45/home/30745111,NTREIS,20608920,N,Y,32.8151143,-96.7917123
PAST SALE,August-27-2024,Condo/Co-op,6220 Bentwood Trl #704,Dallas,TX,75252,250000,2,2.0,Bent Trail Twnhms,882,,1984,,283,278,Sold,,,https://www.redfin.com/TX/Dallas/6220-Bentwood-Trl-75252/unit-704/home/32184535,NTREIS,20661652,N,Y,33.0024152,-96.7965949
PAST SALE,February-27-2024,Condo/Co-op,3818 Holland Ave #201,Dallas,TX,75219,449900,2,2.0,Vallera Condo,1422,24002,2005,,316,510,Sold,,,https://www.redfin.com/TX/Dallas/3818-Holland-Ave-75219/unit-201/home/30776622,NTREIS,20524233,N,Y,32.8143096,-96.8042302
PAST SALE,September-27-2024,Condo/Co-op,3030 Mckinney Ave #1004,Dallas,TX,75204,650000,2,2.0,Latour Condo,1353,65601,1981,,480,1185,Sold,,,https://www.redfin.com/TX/Dallas/3030-McKinney-Ave-75204/unit-1004/home/31174602,NTREIS,20702929,N,Y,32.8016841,-96.8005017
PAST SALE,February-14-2024,Condo/Co-op,160 W Canty St #202,Dallas,TX,75208,575000,3,2.5,Zang Townhomes,1750,12720,2020,,329,300,Sold,,,https://www.redfin.com/TX/Dallas/160-W-Canty-St-75208/unit-202/home/170494646,NTREIS,20501016,N,Y,32.7520837,-96.8246166
PAST SALE,June-17-2024,Condo/Co-op,2506 Wedglea Dr #105,Dallas,TX,75211,175000,2,2.5,Wedglea Crk Condos,1065,91171,1985,,164,305,Sold,,,https://www.redfin.com/TX/Dallas/2506-Wedglea-Dr-75211/unit-105/home/31190454,NTREIS,20603662,N,Y,32.7560374,-96.8619286
PAST SALE,July-15-2024,Condo/Co-op,5311 Fleetwood Oaks Ave #172,Dallas,TX,75235,199500,2,2.0,Towneoaks Terrace Condo,898,79497,1964,,222,268,Sold,,,https://www.redfin.com/TX/Dallas/5311-Fleetwood-Oaks-Ave-75235/unit-172/home/30813966,NTREIS,20625547,N,Y,32.8183228,-96.831143
PAST SALE,May-31-2024,Condo/Co-op,5619 Preston Oaks Rd #207,Dallas,TX,75254,255000,2,2.0,Oaks Of Preston Ridge Condo,956,99099,1983,,267,315,Sold,,,https://www.redfin.com/TX/Dallas/5619-Preston-Oaks-Rd-75254/unit-207/home/31177629,NTREIS,20573869,N,Y,32.9441035,-96.8096823
PAST SALE,May-16-2024,Condo/Co-op,3401 Lee Pkwy #1603,Dallas,TX,75219,1599000,3,3.5,Mayfair Turtle Creek Condos,3268,85508,1998,,489,2935,Sold,,,https://www.redfin.com/TX/Dallas/3401-Lee-Pkwy-75219/unit-1603/home/32219847,NTREIS,20594137,N,Y,32.8100097,-96.8045415
PAST SALE,February-28-2024,Condo/Co-op,1810 N Garrett Ave #101,Dallas,TX,75206,155000,2,1.0,Braemar North Condo,717,44780,1983,,216,325,Sold,,,https://www.redfin.com/TX/Dallas/1810-N-Garrett-Ave-75206/unit-101/home/31162346,NTREIS,20514572,N,Y,32.8090171,-96.775208
PAST SALE,June-28-2024,Condo/Co-op,3225 Turtle Creek Blvd #1447,Dallas,TX,75219,750000,2,2.0,Renaissance On Turtle Creek Condo,1745,154028,1998,,430,1424,Sold,,,https://www.redfin.com/TX/Dallas/3225-Turtle-Creek-Blvd-75219/unit-1447/home/30746071,NTREIS,20634930,N,Y,32.8067871,-96.8040414
PAST SALE,May-7-2024,Condo/Co-op,5200 Martel Ave Unit 17C,Dallas,TX,75206,299000,2,2.0,Monticello Crossroads Condo Ph 01-03,1056,261752,1983,,283,465,Sold,,,https://www.redfin.com/TX/Dallas/5200-Martel-Ave-75206/unit-17C/home/31175908,NTREIS,20566144,N,Y,32.8312399,-96.7798232
PAST SALE,July-30-2024,Condo/Co-op,9837 Walnut St Unit S305,Dallas,TX,75243,68500,1,1.0,Richland Trace Codnos,486,383938,2018,,141,120,Sold,,,https://www.redfin.com/TX/Dallas/9837-Walnut-St-75243/unit-S305/home/103849293,NTREIS,20673565,N,Y,32.9232223,-96.7125662
PAST SALE,March-25-2024,Condo/Co-op,3225 Turtle Creek Blvd #1242,Dallas,TX,75219,413000,2,2.0,Renaissance On Turtle Creek Condo,1154,154028,1998,,358,942,Sold,,,https://www.redfin.com/TX/Dallas/3225-Turtle-Creek-Blvd-75219/unit-1242/home/30746508,NTREIS,20517782,N,Y,32.8067871,-96.8040414
PAST SALE,March-4-2024,Condo/Co-op,9747 Whitehurst Dr #71,Dallas,TX,75243,150000,2,1.0,Twin Creek Collection,895,184816,1982,,168,276,Sold,,,https://www.redfin.com/TX/Dallas/9747-Whitehurst-Dr-75243/unit-71/home/31189060,NTREIS,20506281,N,Y,32.9011916,-96.7244596
PAST SALE,April-3-2024,Condo/Co-op,3827 Gilbert Ave #107,Dallas,TX,75219,240000,1,1.0,Cloisters Condos,712,24002,1969,,337,244,Sold,,,https://www.redfin.com/TX/Dallas/3827-Gilbert-Ave-75219/unit-107/home/30799810,NTREIS,20567313,N,Y,32.8148166,-96.8039468
PAST SALE,March-21-2024,Condo/Co-op,4859 Cedar Springs Rd #128,Dallas,TX,75219,219995,2,1.0,River Oaks Condos,982,287888,1970,,224,724,Sold,,,https://www.redfin.com/TX/Dallas/4859-Cedar-Springs-Rd-75219/unit-128/home/30814625,NTREIS,20538625,N,Y,32.8194348,-96.8224134
PAST SALE,October-10-2024,Condo/Co-op,6262 Swiss Ave Unit D,Dallas,TX,75214,424900,2,2.5,Swiss Ave Condo 1900,1281,15725,1984,,332,380,Sold,,,https://www.redfin.com/TX/Dallas/6262-Swiss-Ave-75214/unit-D/home/31187586,NTREIS,20718901,N,Y,32.8135252,-96.7560808
PAST SALE,January-26-2024,Condo/Co-op,3225 Turtle Creek Blvd #226,Dallas,TX,75219,420000,2,2.0,Renaissance On Turtle Creek Condo,1154,154028,1998,,364,941,Sold,,,https://www.redfin.com/TX/Dallas/3225-Turtle-Creek-Blvd-75219/unit-226/home/30745767,NTREIS,20502662,N,Y,32.8067871,-96.8040414
PAST SALE,September-16-2024,Condo/Co-op,8560 Park Ln #136,Dallas,TX,75231,170000,2,2.0,Park Lane Place Twnhms,1100,266979,1974,,155,200,Sold,,,https://www.redfin.com/TX/Dallas/8560-Park-Ln-75231/unit-136/home/30859235,NTREIS,20704705,N,Y,32.8693556,-96.7556767
PAST SALE,November-1-2024,Condo/Co-op,14333 Preston Rd #1202,Dallas,TX,75254,285000,2,2.5,Preston On Lake Condo,1221,438126,1982,,233,420,Sold,,,https://www.redfin.com/TX/Dallas/14333-Preston-Rd-75254/unit-1202/home/31180555,NTREIS,20724479,N,Y,32.9447254,-96.805639
PAST SALE,July-31-2024,Condo/Co-op,1200 Main St #2412,Dallas,TX,75202,625000,2,3.0,Metropolitan 1200 Main St Condo,2101,44997,1974,,297,1487,Sold,,,https://www.redfin.com/TX/Dallas/1200-Main-St-75202/unit-2412/home/30776405,NTREIS,20640780,N,Y,32.7798782,-96.8014745
PAST SALE,August-30-2024,Condo/Co-op,5616 Preston Oaks Rd #106,Dallas,TX,75254,249000,2,2.5,Oaks On Montfort Condos,1098,301958,1981,,227,400,Sold,,,https://www.redfin.com/TX/Dallas/5616-Preston-Oaks-Rd-75254/unit-106/home/31130672,NTREIS,20687684,N,Y,32.9425883,-96.8129924
PAST SALE,August-21-2024,Condo/Co-op,4130 Newton Ave Unit H,Dallas,TX,75219,269400,1,1.5,Views Newton Condos,808,9191,1974,,333,332,Sold,,,https://www.redfin.com/TX/Dallas/4130-Newton-Ave-75219/unit-H/home/30765989,NTREIS,20650628,N,Y,32.8183078,-96.8056991
PAST SALE,September-5-2024,Condo/Co-op,3327 Prescott Ave,Dallas,TX,75219,375000,2,2.0,Park Place Twnhms Condo,1136,110250,1968,,330,936,Sold,,,https://www.redfin.com/TX/Dallas/3327-Prescott-Ave-75219/unit-3327/home/30810446,NTREIS,20692401,N,Y,32.8182479,-96.81566
PAST SALE,September-30-2024,Condo/Co-op,6335 W Northwest Hwy #1512,Dallas,TX,75225,575000,3,3.0,Athena Condo,2126,97095,1966,,270,1632,Sold,,,https://www.redfin.com/TX/Dallas/6335-W-Northwest-Hwy-75225/unit-1512/home/30873410,NTREIS,20727300,N,Y,32.8661377,-96.7974708
PAST SALE,October-11-2024,Condo/Co-op,4640 Country Creek Dr #1259,Dallas,TX,75236,89900,1,1.0,Condo Country Creek,714,865276,1974,,126,221,Sold,,,https://www.redfin.com/TX/Dallas/4640-Country-Creek-Dr-75236/unit-1259/home/31058757,NTREIS,20740747,N,Y,32.6975443,-96.8990671
PAST SALE,September-5-2024,Condo/Co-op,7498 E Northwest Hwy #149,Dallas,TX,75231,380000,2,2.5,White Rock West Condo,1333,197806,1973,,285,406,Sold,,,https://www.redfin.com/TX/Dallas/7498-E-Northwest-Hwy-75231/unit-149/home/30869853,NTREIS,20691218,N,Y,32.853529,-96.733349
PAST SALE,August-27-2024,Condo/Co-op,4239 Holland Ave Unit D,Dallas,TX,75219,379000,1,1.5,Holland Ave Condo 4239,720,8015,1984,,526,200,Sold,,,https://www.redfin.com/TX/Dallas/4239-Holland-Ave-75219/unit-D/home/31172547,NTREIS,20678331,N,Y,32.8180719,-96.809507
PAST SALE,December-5-2023,Condo/Co-op,8518 Baltimore Dr #201,Dallas,TX,75225,275000,2,2.0,Baltimore House Condo,1128,30013,1958,,244,420,Sold,,,https://www.redfin.com/TX/Dallas/8518-Baltimore-Dr-75225/unit-201/home/30873672,NTREIS,20466465,N,Y,32.866092,-96.7964188
PAST SALE,February-14-2024,Condo/Co-op,3648 Parkridge Dr #115,Dallas,TX,75234,100000,1,1.0,Burgundy Condo,699,327833,1982,,143,224,Sold,,,https://www.redfin.com/TX/Dallas/3648-Parkridge-Dr-75234/unit-115/home/31163967,NTREIS,20511178,N,Y,32.9115765,-96.8568391
PAST SALE,January-4-2024,Condo/Co-op,10436 High Hollows Dr #243,Dallas,TX,75230,140000,1,1.0,High Hollows Condo,817,242455,1969,,171,350,Sold,,,https://www.redfin.com/TX/Dallas/10436-High-Hollows-Dr-75230/unit-243/home/30995724,NTREIS,20487768,N,Y,32.8882843,-96.7730257
PAST SALE,September-25-2024,Condo/Co-op,4301 Lomo Alto Dr Unit C,Highland Park,TX,75219,1575000,3,3.5,Bonterra Condos,2595,15507,2006,,607,290,Sold,,,https://www.redfin.com/TX/Dallas/4301-Lomo-Alto-Dr-75219/unit-C/home/30779842,NTREIS,20710593,N,Y,32.8231363,-96.8131458
PAST SALE,March-11-2024,Condo/Co-op,4040 Avondale Ave #405,Dallas,TX,75219,339000,2,2.5,Avondale Gardens Condos,1360,63031,1985,,249,532,Sold,,,https://www.redfin.com/TX/Dallas/4040-Avondale-Ave-75219/unit-405/home/31160969,NTREIS,20522992,N,Y,32.8172865,-96.8074857
PAST SALE,November-8-2024,Condo/Co-op,3510 Turtle Creek Blvd Unit 12F,Dallas,TX,75219,1595000,2,3.0,Claridge Condos,2892,83984,1984,,552,3207,Sold,,,https://www.redfin.com/TX/Dallas/3510-Turtle-Creek-Blvd-75219/unit-12F/home/31166461,NTREIS,20754261,N,Y,32.8092634,-96.8017451
PAST SALE,July-19-2024,Condo/Co-op,4920 Lahoma St,Dallas,TX,75235,199000,2,1.5,Westbury Park Condo,993,273121,1954,,200,499,Sold,,,https://www.redfin.com/TX/Dallas/4920-Lahoma-St-75235/home/191246076,NTREIS,20644728,N,Y,32.8210603,-96.8199358
PAST SALE,February-29-2024,Condo/Co-op,2902 State St #18,Dallas,TX,75204,469000,2,2.5,Carriage House Condos,1221,29969,1994,,384,507,Sold,,,https://www.redfin.com/TX/Dallas/2902-State-St-75204/unit-18/home/32218310,NTREIS,20532171,N,Y,32.797453,-96.7971422
PAST SALE,February-8-2024,Condo/Co-op,4777 Cedar Springs Rd Unit 5Q,Dallas,TX,75219,229000,2,1.5,Parkside Cedar Spgs Condo,942,185217,1983,,243,409,Sold,,,https://www.redfin.com/TX/Dallas/4777-Cedar-Springs-Rd-75219/unit-5Q/home/32376353,NTREIS,20501593,N,Y,32.8187507,-96.8210485
PAST SALE,August-16-2024,Condo/Co-op,4851 Cedar Springs Rd #392,Dallas,TX,75219,125000,2,1.0,River Oaks Condos,841,287888,1970,,149,517,Sold,,,https://www.redfin.com/TX/Dallas/4851-Cedar-Springs-Rd-75219/unit-392/home/30814948,NTREIS,20680688,N,Y,32.8190013,-96.8231252
PAST SALE,February-8-2024,Condo/Co-op,4108 Office Pkwy #121,Dallas,TX,75204,200000,1,1.0,Dallas City Gates,848,28314,2000,,236,315,Sold,,,https://www.redfin.com/TX/Dallas/4108-Office-Pkwy-75204/unit-121/home/30745193,NTREIS,20514475,N,Y,32.8043324,-96.7876828
PAST SALE,October-8-2024,Condo/Co-op,4040 Avondale Ave #303,Dallas,TX,75219,295000,2,2.0,Avondale Gardens,1262,63031,1985,,234,492,Sold,,,https://www.redfin.com/TX/Dallas/4040-Avondale-Ave-75219/unit-303/home/31161009,NTREIS,20728042,N,Y,32.8172865,-96.8074857
PAST SALE,April-25-2024,Condo/Co-op,15221 Berry Trl #601,Dallas,TX,75248,191999,1,1.0,Preston Bend Village Ph 02,770,220283,1981,,249,260,Sold,,,https://www.redfin.com/TX/Dallas/15221-Berry-Trl-75248/unit-601/home/31129031,NTREIS,20562189,N,Y,32.9555257,-96.8017995
PAST SALE,February-5-2024,Condo/Co-op,9807 Walnut St #107,Dallas,TX,75243,69995,1,1.0,Richland Trace Condos,662,383938,1981,,106,207,Sold,,,https://www.redfin.com/TX/Dallas/9807-Walnut-St-75243/unit-107/home/31182082,NTREIS,20512322,N,Y,32.9221233,-96.7144143
PAST SALE,October-31-2024,Condo/Co-op,3415 Mcfarlin Blvd Unit A2,University Park,TX,75205,595000,2,2.5,Mcfarlin 01 Condos,1346,9453,1982,,442,360,Sold,,,https://www.redfin.com/TX/Dallas/3415-McFarlin-Blvd-75205/unit-A2/home/32090188,NTREIS,20744151,N,Y,32.8435654,-96.7880509
PAST SALE,December-7-2023,Condo/Co-op,18333 Roehampton Dr #723,Dallas,TX,75252,170000,2,1.0,Cimarron Court Condo Ph 1,737,1002,1985,,231,213,Sold,,,https://www.redfin.com/TX/Dallas/18333-Roehampton-Dr-75252/unit-723/home/32197120,NTREIS,20471105,N,Y,33.001169,-96.8041287
PAST SALE,February-9-2024,Condo/Co-op,6108 Abrams Rd #206,Dallas,TX,75231,197900,2,1.0,Sable Ridge Condos Ph 01-06,801,1307,2023,,247,438,Sold,,,https://www.redfin.com/TX/Dallas/6108-Abrams-Rd-75231/unit-206/home/31184807,NTREIS,20514336,N,Y,32.8581588,-96.7472355
PAST SALE,December-18-2023,Condo/Co-op,9829 Park Lane Ct Unit B,Dallas,TX,75220,176900,2,1.5,Colony Square Condo,1031,192797,1968,,172,335,Sold,,,https://www.redfin.com/TX/Dallas/9829-Park-Lane-Ct-75220/unit-B/home/30933469,NTREIS,20483726,N,Y,32.875618,-96.87572
PAST SALE,June-21-2024,Condo/Co-op,6108 Abrams Rd #214,Dallas,TX,75231,125000,1,1.0,Sable Ridge Condos Ph 01-06,600,187264,2023,,208,246,Sold,,,https://www.redfin.com/TX/Dallas/6108-Abrams-Rd-75231/unit-214/home/31184770,NTREIS,20611746,N,Y,32.8581588,-96.7472355
PAST SALE,July-8-2024,Condo/Co-op,5836 Birchbrook Dr #226,Dallas,TX,75206,340000,2,2.0,Veneto 01 Condo,1120,138826,1970,,304,326,Sold,,,https://www.redfin.com/TX/Dallas/5836-Birchbrook-Dr-75206/unit-226/home/30789210,NTREIS,20637079,N,Y,32.8471847,-96.7665862
PAST SALE,June-7-2024,Condo/Co-op,9696 Walnut St #1317,Dallas,TX,75243,81500,1,1.0,Trinity Meadows Condos,730,361722,1981,,112,261,Sold,,,https://www.redfin.com/TX/Dallas/9696-Walnut-St-75243/unit-1317/home/31126995,NTREIS,20615640,N,Y,32.9224227,-96.7213275
PAST SALE,June-28-2024,Condo/Co-op,12824 Midway Rd #2130,Dallas,TX,75244,125000,1,1.0,Las Colonitas Condo,658,347130,1970,,190,332,Sold,,,https://www.redfin.com/TX/Dallas/12824-Midway-Rd-75244/unit-2130/home/31096897,NTREIS,20636531,N,Y,32.9234614,-96.8371087
PAST SALE,June-11-2024,Condo/Co-op,1916 Signal Ridge Pl,Rockwall,TX,75032,350000,2,2.0,Signal Ridge #4,1456,6970,1998,,240,291,Sold,,,https://www.redfin.com/TX/Rockwall/1916-Signal-Ridge-Pl-75032/home/33937113,NTREIS,20597334,N,Y,32.8847121,-96.4831527
PAST SALE,April-26-2024,Condo/Co-op,6036 Birchbrook Dr #130,Dallas,TX,75206,179000,1,1.0,Danbury Condo,718,259792,1970,,249,434,Sold,,,https://www.redfin.com/TX/Dallas/6036-Birchbrook-Dr-75206/unit-130/home/30867619,NTREIS,20568197,N,Y,32.8475057,-96.7627544
PAST SALE,January-30-2024,Condo/Co-op,4944 Amesbury Dr #207,Dallas,TX,75206,265000,2,2.0,Danbury Condo,1136,259792,1970,,233,543,Sold,,,https://www.redfin.com/TX/Dallas/4944-Amesbury-Dr-75206/unit-207/home/30867659,NTREIS,20505728,N,Y,32.8475437,-96.7641338
PAST SALE,October-31-2024,Condo/Co-op,17715 Windflower Way #102,Dallas,TX,75252,395000,3,2.5,Preston Village Add,1719,37854,1985,,230,348,Sold,,,https://www.redfin.com/TX/Dallas/17715-Windflower-Way-75252/unit-102/home/32040633,NTREIS,20730609,N,Y,32.9942404,-96.8034153
PAST SALE,June-28-2024,Condo/Co-op,5803 Ross Ave Unit C,Dallas,TX,75206,364900,2,1.5,Ross Ave Lofts Condos,947,,2001,,385,236,Sold,,,https://www.redfin.com/TX/Dallas/5803-Ross-Ave-75206/unit-C/home/32253556,NTREIS,20623298,N,Y,32.8114313,-96.7674046
PAST SALE,April-24-2024,Condo/Co-op,5036 Westgrove Dr #5036,Dallas,TX,75248,575000,2,2.5,Lakes Of Bent Tree Condos,2315,417784,1982,,248,846,Sold,,,https://www.redfin.com/TX/Dallas/5036-Westgrove-Dr-75248/unit-5036/home/31174128,NTREIS,20575158,N,Y,32.9754035,-96.820727
PAST SALE,April-16-2024,Condo/Co-op,4044 Buena Vista St Unit 109/110,Dallas,TX,75204,325000,2,2.0,Buena Vista Condo 4044,929,37505,1972,,350,297,Sold,,,https://www.redfin.com/TX/Dallas/4044-Buena-Vista-St-75204/unit-109/home/30798857,NTREIS,20567215,N,Y,32.8144754,-96.7958795
PAST SALE,February-14-2024,Condo/Co-op,4333 Gilbert Ave #212,Dallas,TX,75219,329000,2,1.0,Sullivan Gilbert Condo,1084,23610,2004,,304,345,Sold,,,https://www.redfin.com/TX/Dallas/4333-Gilbert-Ave-75219/unit-212/home/30761736,NTREIS,20513608,N,Y,32.8198252,-96.8098169
PAST SALE,February-16-2024,Condo/Co-op,6900 Skillman St #501,Dallas,TX,75231,175000,2,2.0,Skillman Bend Condo,964,169013,1981,,182,400,Sold,,,https://www.redfin.com/TX/Dallas/6900-Skillman-St-75231/unit-501/home/31066843,NTREIS,20507958,N,Y,32.8713316,-96.7342241
PAST SALE,March-8-2024,Condo/Co-op,3801 Gilbert Ave Unit J,Dallas,TX,75219,550000,2,2.5,Gilbert Condo 3801,1616,24002,1981,,340,640,Sold,,,https://www.redfin.com/TX/Dallas/3801-Gilbert-Ave-75219/unit-J/home/30799882,NTREIS,20522964,N,Y,32.8142539,-96.8031089
PAST SALE,July-26-2024,Condo/Co-op,5565 Preston Oaks Rd #129,Dallas,TX,75254,300000,3,2.0,Springstead Condos,1224,331317,1983,,245,434,Sold,,,https://www.redfin.com/TX/Dallas/5565-Preston-Oaks-Rd-75254/unit-129/home/31187744,NTREIS,20660898,N,Y,32.9440833,-96.810886
PAST SALE,August-30-2024,Condo/Co-op,3883 Turtle Creek Blvd #1118,Dallas,TX,75219,325000,2,2.0,Twenty-One Turtle Creek Condominiums,1131,348480,1963,,287,1118,Sold,,,https://www.redfin.com/TX/Dallas/3883-Turtle-Creek-Blvd-75219/unit-1118/home/30797466,NTREIS,20685417,N,Y,32.8152689,-96.7993715
PAST SALE,August-31-2024,Condo/Co-op,11480 Audelia Rd #236,Dallas,TX,75243,125000,2,2.0,Cambridge Condo Ph 03,1087,435295,1980,,115,603,Sold,,,https://www.redfin.com/TX/Dallas/11480-Audelia-Rd-75243/unit-236/home/31060984,NTREIS,20652264,N,Y,32.9051035,-96.7160738
PAST SALE,September-24-2024,Condo/Co-op,4223 Buena Vista St #3,Dallas,TX,75205,715000,2,2.5,Newbury Square Condos,2337,21518,2001,,306,741,Sold,,,https://www.redfin.com/TX/Dallas/4223-Buena-Vista-St-75205/unit-3/home/32259943,NTREIS,20708488,N,Y,32.8182755,-96.7945329
